school_dis,cty_name,links,base_link,prePolicyID
Clearfield Area SD,CLEARFIELD,https://go.boarddocs.com/pa/clea/Board.nsf/Public,https://go.boarddocs.com/pa/clea/Board.nsf/public,https://go.boarddocs.com/pa/clea/Board.nsf/goto?open&id=
Coatesville Area SD,CHESTER,https://go.boarddocs.com/pa/coat/Board.nsf/vpublic?open,https://go.boarddocs.com/pa/coat/Board.nsf/public,https://go.boarddocs.com/pa/coat/Board.nsf/goto?open&id=
Cocalico SD,LANCASTER,https://go.boarddocs.com/pa/coca/Board.nsf/Public,https://go.boarddocs.com/pa/coca/Board.nsf/public,https://go.boarddocs.com/pa/coca/Board.nsf/goto?open&id=
Canton Area SD,BRADFORD,https://go.boarddocs.com/pa/cant/Board.nsf/Public,https://go.boarddocs.com/pa/cant/Board.nsf/public,https://go.boarddocs.com/pa/cant/Board.nsf/goto?open&id=
Carbondale Area SD,LACKAWANNA,https://go.boarddocs.com/pa/carb/Board.nsf/Public,https://go.boarddocs.com/pa/carb/Board.nsf/public,https://go.boarddocs.com/pa/carb/Board.nsf/goto?open&id=
Northern Tioga SD,TIOGA,https://go.boarddocs.com/pa/ntio/Board.nsf/vpublic?open,https://go.boarddocs.com/pa/ntio/Board.nsf/public,https://go.boarddocs.com/pa/ntio/Board.nsf/goto?open&id=
Charleroi SD,WASHINGTON,https://go.boarddocs.com/pa/charleroisd/Board.nsf/goto?open&id=9VJQKH530B9A,https://go.boarddocs.com/pa/charleroisd/Board.nsf/public,https://go.boarddocs.com/pa/charleroisd/Board.nsf/goto?open&id=
Brentwood Borough SD,ALLEGHENY,https://go.boarddocs.com/pa/bren/Board.nsf/Public,https://go.boarddocs.com/pa/bren/Board.nsf/public,https://go.boarddocs.com/pa/bren/Board.nsf/goto?open&id=
Northern York County SD,YORK,https://www.boarddocs.com/pa/nyor/Board.nsf/,https://www.boarddocs.com/pa/nyor/Board.nsf/public,https://www.boarddocs.com/pa/nyor/Board.nsf/goto?open&id=
Bristol Borough SD,BUCKS,https://go.boarddocs.com/pa/bris/Board.nsf/Public?open&id=policies,https://go.boarddocs.com/pa/bris/Board.nsf/public,https://go.boarddocs.com/pa/bris/Board.nsf/goto?open&id=
Bristol Township SD,BUCKS,https://go.boarddocs.com/pa/btsd/Board.nsf/Public?open&id=policies,https://go.boarddocs.com/pa/btsd/Board.nsf/public,https://go.boarddocs.com/pa/btsd/Board.nsf/goto?open&id=
Brockway Area SD,JEFFERSON,https://go.boarddocs.com/pa/broc/Board.nsf/vpublic?open,https://go.boarddocs.com/pa/broc/Board.nsf/public,https://go.boarddocs.com/pa/broc/Board.nsf/goto?open&id=
Columbia Borough SD,LANCASTER,https://go.boarddocs.com/pa/colu/Board.nsf/Public,https://go.boarddocs.com/pa/colu/Board.nsf/public,https://go.boarddocs.com/pa/colu/Board.nsf/goto?open&id=
Chartiers Valley SD,ALLEGHENY,https://go.boarddocs.com/pa/cvsdpa/board.nsf/public?open&id=policies,https://go.boarddocs.com/pa/cvsdpa/board.nsf/public,https://go.boarddocs.com/pa/cvsdpa/board.nsf/goto?open&id=
Chartiers-Houston SD,WASHINGTON,https://go.boarddocs.com/pa/chsd/Board.nsf/Public,https://go.boarddocs.com/pa/chsd/Board.nsf/public,https://go.boarddocs.com/pa/chsd/Board.nsf/goto?open&id=
Chester-Upland SD,DELAWARE,https://go.boarddocs.com/pa/ches/Board.nsf/Public,https://go.boarddocs.com/pa/ches/Board.nsf/public,https://go.boarddocs.com/pa/ches/Board.nsf/goto?open&id=
Chestnut Ridge SD,BEDFORD,https://go.boarddocs.com/pa/chsr/Board.nsf/Public,https://go.boarddocs.com/pa/chsr/Board.nsf/public,https://go.boarddocs.com/pa/chsr/Board.nsf/goto?open&id=
Chichester SD,DELAWARE,https://go.boarddocs.com/pa/chic/Board.nsf/Public,https://go.boarddocs.com/pa/chic/Board.nsf/public,https://go.boarddocs.com/pa/chic/Board.nsf/goto?open&id=
Clairton City SD,ALLEGHENY,https://go.boarddocs.com/pa/clai/Board.nsf/Public,https://go.boarddocs.com/pa/clai/Board.nsf/public,https://go.boarddocs.com/pa/clai/Board.nsf/goto?open&id=
Northgate SD,ALLEGHENY,https://go.boarddocs.com/pa/ngat/Board.nsf/Public?open&id+policieshttp://www.boarddocs.com/pa/ngat/Board.nsf/Public?open&id+policies,https://go.boarddocs.com/pa/ngat/Board.nsf/public,https://go.boarddocs.com/pa/ngat/Board.nsf/goto?open&id=
Carlynton SD,ALLEGHENY,https://go.boarddocs.com/pa/carl/Board.nsf/Public,https://go.boarddocs.com/pa/carl/Board.nsf/public,https://go.boarddocs.com/pa/carl/Board.nsf/goto?open&id=
Carmichaels Area SD,GREENE,https://go.boarddocs.com/pa/carm/Board.nsf/Public,https://go.boarddocs.com/pa/carm/Board.nsf/public,https://go.boarddocs.com/pa/carm/Board.nsf/goto?open&id=
Northwest Area SD,LUZERNE,https://go.boarddocs.com/pa/nwsa/Board.nsf/Public,https://go.boarddocs.com/pa/nwsa/Board.nsf/public,https://go.boarddocs.com/pa/nwsa/Board.nsf/goto?open&id=
Warren County SD,WARREN,https://go.boarddocs.com/pa/wcsdpa/Board.nsf/Public,https://go.boarddocs.com/pa/wcsdpa/Board.nsf/public,https://go.boarddocs.com/pa/wcsdpa/Board.nsf/goto?open&id=
Centennial SD,BUCKS,https://go.boarddocs.com/pa/csd/Board.nsf/Public,https://go.boarddocs.com/pa/csd/Board.nsf/public,https://go.boarddocs.com/pa/csd/Board.nsf/goto?open&id=
Scranton SD,LACKAWANNA,https://go.boarddocs.com/pa/scrsd/Board.nsf/Public?open&id=policies,https://go.boarddocs.com/pa/scrsd/Board.nsf/public,https://go.boarddocs.com/pa/scrsd/Board.nsf/goto?open&id=
Central Valley SD,BEAVER,https://go.boarddocs.com/pa/cval/Board.nsf/Public,https://go.boarddocs.com/pa/cval/Board.nsf/public,https://go.boarddocs.com/pa/cval/Board.nsf/goto?open&id=
Central Bucks SD,BUCKS,https://go.boarddocs.com/pa/cbuc/Board.nsf/Public,https://go.boarddocs.com/pa/cbuc/Board.nsf/public,https://go.boarddocs.com/pa/cbuc/Board.nsf/goto?open&id=
Central Cambria SD,CAMBRIA,https://go.boarddocs.com/pa/ccam/Board.nsf/Public,https://go.boarddocs.com/pa/ccam/Board.nsf/public,https://go.boarddocs.com/pa/ccam/Board.nsf/goto?open&id=
Central Columbia SD,COLUMBIA,https://go.boarddocs.com/pa/ccol/Board.nsf/Public,https://go.boarddocs.com/pa/ccol/Board.nsf/public,https://go.boarddocs.com/pa/ccol/Board.nsf/goto?open&id=
Central Fulton SD,FULTON,https://go.boarddocs.com/pa/cful/Board.nsf/Public,https://go.boarddocs.com/pa/cful/Board.nsf/public,https://go.boarddocs.com/pa/cful/Board.nsf/goto?open&id=
Central Greene SD,GREENE,https://go.boarddocs.com/pa/cgrn/Board.nsf/vpublic?open,https://go.boarddocs.com/pa/cgrn/Board.nsf/public,https://go.boarddocs.com/pa/cgrn/Board.nsf/goto?open&id=
Central York SD,YORK,https://go.boarddocs.com/pa/cyorksd/Board.nsf/Public?open&id=policies,https://go.boarddocs.com/pa/cyorksd/Board.nsf/public,https://go.boarddocs.com/pa/cyorksd/Board.nsf/goto?open&id=
Radnor Township SD,DELAWARE,https://go.boarddocs.com/pa/radn/Board.nsf/goto?open&id=B62K7J50596D#,https://go.boarddocs.com/pa/radn/Board.nsf/public,https://go.boarddocs.com/pa/radn/Board.nsf/goto?open&id=
Rockwood Area SD,SOMERSET,https://go.boarddocs.com/pa/rock/Board.nsf/Public,https://go.boarddocs.com/pa/rock/Board.nsf/public,https://go.boarddocs.com/pa/rock/Board.nsf/goto?open&id=
Rose Tree Media SD,DELAWARE,https://go.boarddocs.com/pa/rose/Board.nsf/Public,https://go.boarddocs.com/pa/rose/Board.nsf/public,https://go.boarddocs.com/pa/rose/Board.nsf/goto?open&id=
Saint Clair Area SD,SCHUYLKILL,https://go.boarddocs.com/pa/stcl/Board.nsf/Public,https://go.boarddocs.com/pa/stcl/Board.nsf/public,https://go.boarddocs.com/pa/stcl/Board.nsf/goto?open&id=
Selinsgrove Area SD,SNYDER,https://go.boarddocs.com/pa/seli/Board.nsf/Public,https://go.boarddocs.com/pa/seli/Board.nsf/public,https://go.boarddocs.com/pa/seli/Board.nsf/goto?open&id=
Salisbury-Elk Lick SD,SOMERSET,https://go.boarddocs.com/pa/selk/Board.nsf/Public?open&id=policies#,https://go.boarddocs.com/pa/selk/Board.nsf/public,https://go.boarddocs.com/pa/selk/Board.nsf/goto?open&id=
Sayre Area SD,BRADFORD,https://go.boarddocs.com/pa/sayr/Board.nsf/Public?open&id=policies,https://go.boarddocs.com/pa/sayr/Board.nsf/public,https://go.boarddocs.com/pa/sayr/Board.nsf/goto?open&id=
Parkland SD,LEHIGH,https://go.boarddocs.com/pa/parkland/Board.nsf/Public?open&id=policies,https://go.boarddocs.com/pa/parkland/Board.nsf/public,https://go.boarddocs.com/pa/parkland/Board.nsf/goto?open&id=
Ridgway Area SD,ELK,https://go.boarddocs.com/pa/rasd/Board.nsf/Public,https://go.boarddocs.com/pa/rasd/Board.nsf/public,https://go.boarddocs.com/pa/rasd/Board.nsf/goto?open&id=
Seneca Valley SD,BUTLER,https://go.boarddocs.com/pa/sene/Board.nsf/goto?open&id=9WSV5T7F1F6B,https://go.boarddocs.com/pa/sene/Board.nsf/public,https://go.boarddocs.com/pa/sene/Board.nsf/goto?open&id=
Shade-Central City SD,SOMERSET,https://go.boarddocs.com/pa/shad/Board.nsf/Public,https://go.boarddocs.com/pa/shad/Board.nsf/public,https://go.boarddocs.com/pa/shad/Board.nsf/goto?open&id=
Spring Cove SD,BLAIR,https://go.boarddocs.com/pa/spgc/Board.nsf/Public#,https://go.boarddocs.com/pa/spgc/Board.nsf/public,https://go.boarddocs.com/pa/spgc/Board.nsf/goto?open&id=
Spring-Ford Area SD,MONTGOMERY,https://go.boarddocs.com/pa/spgf/Board.nsf/Public,https://go.boarddocs.com/pa/spgf/Board.nsf/public,https://go.boarddocs.com/pa/spgf/Board.nsf/goto?open&id=
Spring Grove Area SD,YORK,https://go.boarddocs.com/pa/spgg/Board.nsf/Public?open&id=policies,https://go.boarddocs.com/pa/spgg/Board.nsf/public,https://go.boarddocs.com/pa/spgg/Board.nsf/goto?open&id=
Ridley SD,DELAWARE,https://go.boarddocs.com/pa/ridl/Board.nsf/Public?open&id=policies,https://go.boarddocs.com/pa/ridl/Board.nsf/public,https://go.boarddocs.com/pa/ridl/Board.nsf/goto?open&id=
Ringgold SD,WASHINGTON,https://go.boarddocs.com/pa/ring/Board.nsf/Public?open&id=policies,https://go.boarddocs.com/pa/ring/Board.nsf/public,https://go.boarddocs.com/pa/ring/Board.nsf/goto?open&id=
Southern York County SD,YORK,https://go.boarddocs.com/pa/sycsd/Board.nsf/Public?open&id=policies,https://go.boarddocs.com/pa/sycsd/Board.nsf/public,https://go.boarddocs.com/pa/sycsd/Board.nsf/goto?open&id=
Southmoreland SD,WESTMORELAND,https://go.boarddocs.com/pa/smrl/Board.nsf/goto?open&id=CDUR7W69DFF6,https://go.boarddocs.com/pa/smrl/Board.nsf/public,https://go.boarddocs.com/pa/smrl/Board.nsf/goto?open&id=
Tamaqua Area SD,SCHUYLKILL,https://go.boarddocs.com/pa/tama/Board.nsf/Public,https://go.boarddocs.com/pa/tama/Board.nsf/public,https://go.boarddocs.com/pa/tama/Board.nsf/goto?open&id=
Slippery Rock Area SD,BUTLER,https://go.boarddocs.com/pa/slippery/Board.nsf/goto?open&id=BTVNBP5ECF6F,https://go.boarddocs.com/pa/slippery/Board.nsf/public,https://go.boarddocs.com/pa/slippery/Board.nsf/goto?open&id=
Smethport Area SD,MCKEAN,https://go.boarddocs.com/pa/smet/Board.nsf/goto?open&id=BYYPBK639D02,https://go.boarddocs.com/pa/smet/Board.nsf/public,https://go.boarddocs.com/pa/smet/Board.nsf/goto?open&id=
Solanco SD,LANCASTER,https://go.boarddocs.com/pa/sola/Board.nsf/Public?open&id=policies,https://go.boarddocs.com/pa/sola/Board.nsf/public,https://go.boarddocs.com/pa/sola/Board.nsf/goto?open&id=
Somerset Area SD,SOMERSET,https://go.boarddocs.com/pa/some/Board.nsf/Public#,https://go.boarddocs.com/pa/some/Board.nsf/public,https://go.boarddocs.com/pa/some/Board.nsf/goto?open&id=
New Hope-Solebury SD,BUCKS,https://go.boarddocs.com/pa/newh/Board.nsf/Public,https://go.boarddocs.com/pa/newh/Board.nsf/public,https://go.boarddocs.com/pa/newh/Board.nsf/goto?open&id=
Wilkinsburg Borough SD,ALLEGHENY,https://go.boarddocs.com/pa/wlkn/Board.nsf/Public,https://go.boarddocs.com/pa/wlkn/Board.nsf/public,https://go.boarddocs.com/pa/wlkn/Board.nsf/goto?open&id=
Souderton Area SD,MONTGOMERY,https://go.boarddocs.com/pa/sasd/Board.nsf/Public?open&id=policies,https://go.boarddocs.com/pa/sasd/Board.nsf/public,https://go.boarddocs.com/pa/sasd/Board.nsf/goto?open&id=
South Allegheny SD,ALLEGHENY,https://go.boarddocs.com/pa/sall/Board.nsf/Public,https://go.boarddocs.com/pa/sall/Board.nsf/public,https://go.boarddocs.com/pa/sall/Board.nsf/goto?open&id=
Schuylkill Haven Area SD,SCHUYLKILL,https://go.boarddocs.com/pa/scha/board.nsf/Public,https://go.boarddocs.com/pa/scha/board.nsf/public,https://go.boarddocs.com/pa/scha/board.nsf/goto?open&id=
Steel Valley SD,ALLEGHENY,https://go.boarddocs.com/pa/stlv/Board.nsf/goto?open&id=A2UADR273807,https://go.boarddocs.com/pa/stlv/Board.nsf/public,https://go.boarddocs.com/pa/stlv/Board.nsf/goto?open&id=
Titusville Area SD,VENANGO,https://go.boarddocs.com/pa/titusville/Board.nsf/vpublic?open,https://go.boarddocs.com/pa/titusville/Board.nsf/public,https://go.boarddocs.com/pa/titusville/Board.nsf/goto?open&id=
Wellsboro Area SD,TIOGA,https://go.boarddocs.com/pa/well/Board.nsf/Public,https://go.boarddocs.com/pa/well/Board.nsf/public,https://go.boarddocs.com/pa/well/Board.nsf/goto?open&id=
West Branch Area SD,CLEARFIELD,https://go.boarddocs.com/pa/wbra/Board.nsf/Public,https://go.boarddocs.com/pa/wbra/Board.nsf/public,https://go.boarddocs.com/pa/wbra/Board.nsf/goto?open&id=
West Chester Area SD,CHESTER,https://go.boarddocs.com/pa/wche/Board.nsf/Public,https://go.boarddocs.com/pa/wche/Board.nsf/public,https://go.boarddocs.com/pa/wche/Board.nsf/goto?open&id=
West Greene SD,GREENE,https://go.boarddocs.com/pa/wgre/Board.nsf/vpublic?open,https://go.boarddocs.com/pa/wgre/Board.nsf/public,https://go.boarddocs.com/pa/wgre/Board.nsf/goto?open&id=
West Jefferson Hills SD,ALLEGHENY,https://go.boarddocs.com/pa/wjhsd/Board.nsf/Public?open&id=policies,https://go.boarddocs.com/pa/wjhsd/Board.nsf/public,https://go.boarddocs.com/pa/wjhsd/Board.nsf/goto?open&id=
West Middlesex Area SD,MERCER,https://go.boarddocs.com/pa/wmasdpa/Board.nsf/vpublic?open,https://go.boarddocs.com/pa/wmasdpa/Board.nsf/public,https://go.boarddocs.com/pa/wmasdpa/Board.nsf/goto?open&id=
West Mifflin Area SD,ALLEGHENY,https://go.boarddocs.com/pa/wmif/Board.nsf/goto?open&id=9XFR8S6CCCE9,https://go.boarddocs.com/pa/wmif/Board.nsf/public,https://go.boarddocs.com/pa/wmif/Board.nsf/goto?open&id=
West Perry SD,PERRY,https://go.boarddocs.com/pa/wper/Board.nsf/Public?open&id=policies,https://go.boarddocs.com/pa/wper/Board.nsf/public,https://go.boarddocs.com/pa/wper/Board.nsf/goto?open&id=
West Shore SD,YORK,https://go.boarddocs.com/pa/wsho/Board.nsf/Public,https://go.boarddocs.com/pa/wsho/Board.nsf/public,https://go.boarddocs.com/pa/wsho/Board.nsf/goto?open&id=
West York Area SD,YORK,https://go.boarddocs.com/pa/wyrk/Board.nsf/vpublic?open#tab-policies,https://go.boarddocs.com/pa/wyrk/Board.nsf/public,https://go.boarddocs.com/pa/wyrk/Board.nsf/goto?open&id=
Commodore Perry SD,MERCER,https://go.boarddocs.com/pa/comm/Board.nsf/vpublic?open,https://go.boarddocs.com/pa/comm/Board.nsf/public,https://go.boarddocs.com/pa/comm/Board.nsf/goto?open&id=
Wyoming Area SD,LUZERNE,https://go.boarddocs.com/pa/wyom/Board.nsf/goto?open&id=ARJJ5U4B4AFB,https://go.boarddocs.com/pa/wyom/Board.nsf/public,https://go.boarddocs.com/pa/wyom/Board.nsf/goto?open&id=
Wyoming Valley West SD,LUZERNE,https://go.boarddocs.com/pa/wyvw/Board.nsf/Public,https://go.boarddocs.com/pa/wyvw/Board.nsf/public,https://go.boarddocs.com/pa/wyvw/Board.nsf/goto?open&id=
Wyomissing Area SD,BERKS,https://go.boarddocs.com/pa/wyms/Board.nsf/goto?open&id=B4TTRM664424,https://go.boarddocs.com/pa/wyms/Board.nsf/public,https://go.boarddocs.com/pa/wyms/Board.nsf/goto?open&id=
York City SD,YORK,https://go.boarddocs.com/pa/york/Board.nsf/vpublic?open,https://go.boarddocs.com/pa/york/Board.nsf/public,https://go.boarddocs.com/pa/york/Board.nsf/goto?open&id=
York Suburban SD,YORK,https://go.boarddocs.com/pa/yrks/Board.nsf/goto?open&id=9NYUB57AE182,https://go.boarddocs.com/pa/yrks/Board.nsf/public,https://go.boarddocs.com/pa/yrks/Board.nsf/goto?open&id=
Yough SD,WESTMORELAND,https://go.boarddocs.com/pa/youg/Board.nsf/Public?open&id=policies,https://go.boarddocs.com/pa/youg/Board.nsf/public,https://go.boarddocs.com/pa/youg/Board.nsf/goto?open&id=
Wilmington Area SD,LAWRENCE,https://go.boarddocs.com/pa/wasd/Board.nsf/Public,https://go.boarddocs.com/pa/wasd/Board.nsf/public,https://go.boarddocs.com/pa/wasd/Board.nsf/goto?open&id=
Wilson SD,BERKS,https://go.boarddocs.com/pa/wils/Board.nsf/Public,https://go.boarddocs.com/pa/wils/Board.nsf/public,https://go.boarddocs.com/pa/wils/Board.nsf/goto?open&id=
Windber Area SD,SOMERSET,https://go.boarddocs.com/pa/wind/Board.nsf/Public,https://go.boarddocs.com/pa/wind/Board.nsf/public,https://go.boarddocs.com/pa/wind/Board.nsf/goto?open&id=
Fairview SD,ERIE,https://go.boarddocs.com/pa/farv/Board.nsf/Public,https://go.boarddocs.com/pa/farv/Board.nsf/public,https://go.boarddocs.com/pa/farv/Board.nsf/goto?open&id=
Troy Area SD,BRADFORD,https://go.boarddocs.com/pa/troy/Board.nsf/Public,https://go.boarddocs.com/pa/troy/Board.nsf/public,https://go.boarddocs.com/pa/troy/Board.nsf/goto?open&id=
Harbor Creek SD,ERIE,https://go.boarddocs.com/pa/hcsdpa/Board.nsf/,https://go.boarddocs.com/pa/hcsdpa/Board.nsf/public,https://go.boarddocs.com/pa/hcsdpa/Board.nsf/goto?open&id=
Upper Merion Area SD,MONTGOMERY,https://go.boarddocs.com/pa/umasd/Board.nsf/Public?open&id=policies,https://go.boarddocs.com/pa/umasd/Board.nsf/public,https://go.boarddocs.com/pa/umasd/Board.nsf/goto?open&id=
Southern Tioga SD,TIOGA,https://go.boarddocs.com/pa/stsd/Board.nsf/vpublic?open,https://go.boarddocs.com/pa/stsd/Board.nsf/public,https://go.boarddocs.com/pa/stsd/Board.nsf/goto?open&id=
Upper Moreland Township SD,MONTGOMERY,https://go.boarddocs.com/pa/umsd/Board.nsf/goto?open&id=AZX2DB01D254,https://go.boarddocs.com/pa/umsd/Board.nsf/public,https://go.boarddocs.com/pa/umsd/Board.nsf/goto?open&id=
Upper Perkiomen SD,MONTGOMERY,https://go.boarddocs.com/pa/uper/Board.nsf/vpublic?open,https://go.boarddocs.com/pa/uper/Board.nsf/public,https://go.boarddocs.com/pa/uper/Board.nsf/goto?open&id=
Wayne Highlands SD,WAYNE,https://go.boarddocs.com/pa/wayh/Board.nsf/Public,https://go.boarddocs.com/pa/wayh/Board.nsf/public,https://go.boarddocs.com/pa/wayh/Board.nsf/goto?open&id=
Waynesboro Area SD,FRANKLIN,https://go.boarddocs.com/pa/wayn/Board.nsf/goto?open&id=9UZFB83E49DA,https://go.boarddocs.com/pa/wayn/Board.nsf/public,https://go.boarddocs.com/pa/wayn/Board.nsf/goto?open&id=
Upper Saint Clair SD,ALLEGHENY,https://go.boarddocs.com/pa/upsc/Board.nsf/vpublic?open,https://go.boarddocs.com/pa/upsc/Board.nsf/public,https://go.boarddocs.com/pa/upsc/Board.nsf/goto?open&id=
Weatherly Area SD,CARBON,https://go.boarddocs.com/pa/weat/Board.nsf/Public,https://go.boarddocs.com/pa/weat/Board.nsf/public,https://go.boarddocs.com/pa/weat/Board.nsf/goto?open&id=
Tunkhannock Area SD,WYOMING,https://go.boarddocs.com/pa/tunk/Board.nsf/Public?open&id=policies,https://go.boarddocs.com/pa/tunk/Board.nsf/public,https://go.boarddocs.com/pa/tunk/Board.nsf/goto?open&id=
Tuscarora SD,FRANKLIN,https://go.boarddocs.com/pa/tusc/Board.nsf/goto?open&id=ASFR8R6C44F4,https://go.boarddocs.com/pa/tusc/Board.nsf/public,https://go.boarddocs.com/pa/tusc/Board.nsf/goto?open&id=
Tussey Mountain SD,BEDFORD,https://go.boarddocs.com/pa/tuss/Board.nsf/vpublic?open,https://go.boarddocs.com/pa/tuss/Board.nsf/public,https://go.boarddocs.com/pa/tuss/Board.nsf/goto?open&id=
Steelton-Highspire SD,DAUPHIN,https://go.boarddocs.com/pa/stlh/Board.nsf/Public,https://go.boarddocs.com/pa/stlh/Board.nsf/public,https://go.boarddocs.com/pa/stlh/Board.nsf/goto?open&id=
Tyrone Area SD,BLAIR,https://go.boarddocs.com/pa/tyro/Board.nsf/Public,https://go.boarddocs.com/pa/tyro/Board.nsf/public,https://go.boarddocs.com/pa/tyro/Board.nsf/goto?open&id=
Sto-Rox SD,ALLEGHENY,https://go.boarddocs.com/pa/stox/Board.nsf/Public?id=policies&open,https://go.boarddocs.com/pa/stox/Board.nsf/public,https://go.boarddocs.com/pa/stox/Board.nsf/goto?open&id=
South Middleton SD,CUMBERLAND,https://go.boarddocs.com/pa/smid/Board.nsf/vpublic?open,https://go.boarddocs.com/pa/smid/Board.nsf/public,https://go.boarddocs.com/pa/smid/Board.nsf/goto?open&id=
Union SD,CLARION,https://go.boarddocs.com/pa/unin/Board.nsf/Public?open&id=policies,https://go.boarddocs.com/pa/unin/Board.nsf/public,https://go.boarddocs.com/pa/unin/Board.nsf/goto?open&id=
Western Beaver County SD,BEAVER,https://go.boarddocs.com/pa/wbea/Board.nsf/vpublic?open,https://go.boarddocs.com/pa/wbea/Board.nsf/public,https://go.boarddocs.com/pa/wbea/Board.nsf/goto?open&id=
Western Wayne SD,WAYNE,https://go.boarddocs.com/pa/wway/Board.nsf/vpublic,https://go.boarddocs.com/pa/wway/Board.nsf/public,https://go.boarddocs.com/pa/wway/Board.nsf/goto?open&id=
Williamsport Area SD,LYCOMING,https://go.boarddocs.com/pa/wmsp/Board.nsf/Public,https://go.boarddocs.com/pa/wmsp/Board.nsf/public,https://go.boarddocs.com/pa/wmsp/Board.nsf/goto?open&id=
Union Area SD,LAWRENCE,https://go.boarddocs.com/pa/unar/Board.nsf/Public?open&id=policies,https://go.boarddocs.com/pa/unar/Board.nsf/public,https://go.boarddocs.com/pa/unar/Board.nsf/goto?open&id=
Westmont Hilltop SD,CAMBRIA,https://go.boarddocs.com/pa/whil/Board.nsf/Public?open&id=policies,https://go.boarddocs.com/pa/whil/Board.nsf/public,https://go.boarddocs.com/pa/whil/Board.nsf/goto?open&id=
Wissahickon SD,MONTGOMERY,https://go.boarddocs.com/pa/wiss/Board.nsf/Public,https://go.boarddocs.com/pa/wiss/Board.nsf/public,https://go.boarddocs.com/pa/wiss/Board.nsf/goto?open&id=
Woodland Hills SD,ALLEGHENY,https://go.boarddocs.com/pa/wood/Board.nsf/Public?open&id=policies,https://go.boarddocs.com/pa/wood/Board.nsf/public,https://go.boarddocs.com/pa/wood/Board.nsf/goto?open&id=
Wyalusing Area SD,BRADFORD,https://go.boarddocs.com/pa/wyalusing/Board.nsf/Public,https://go.boarddocs.com/pa/wyalusing/Board.nsf/public,https://go.boarddocs.com/pa/wyalusing/Board.nsf/goto?open&id=
Whitehall-Coplay SD,LEHIGH,https://go.boarddocs.com/pa/whit/Board.nsf/Public?open&id=policies,https://go.boarddocs.com/pa/whit/Board.nsf/public,https://go.boarddocs.com/pa/whit/Board.nsf/goto?open&id=
Wilkes-Barre Area SD,LUZERNE,https://go.boarddocs.com/pa/wilksd/Board.nsf/Public,https://go.boarddocs.com/pa/wilksd/Board.nsf/public,https://go.boarddocs.com/pa/wilksd/Board.nsf/goto?open&id=
Washington SD,WASHINGTON,https://go.boarddocs.com/pa/wash/Board.nsf/Public,https://go.boarddocs.com/pa/wash/Board.nsf/public,https://go.boarddocs.com/pa/wash/Board.nsf/goto?open&id=
Warrior Run SD,NORTHUMBERLAND,https://go.boarddocs.com/pa/warr/Board.nsf/Public?open&id=policies,https://go.boarddocs.com/pa/warr/Board.nsf/public,https://go.boarddocs.com/pa/warr/Board.nsf/goto?open&id=
Warwick SD,LANCASTER,https://go.boarddocs.com/pa/warw/Board.nsf/vpublic?open,https://go.boarddocs.com/pa/warw/Board.nsf/public,https://go.boarddocs.com/pa/warw/Board.nsf/goto?open&id=
South Park SD,ALLEGHENY,https://go.boarddocs.com/pa/spar/Board.nsf/Public,https://go.boarddocs.com/pa/spar/Board.nsf/public,https://go.boarddocs.com/pa/spar/Board.nsf/goto?open&id=
South Side Area SD,BEAVER,https://go.boarddocs.com/pa/ssasd/Board.nsf/Public,https://go.boarddocs.com/pa/ssasd/Board.nsf/public,https://go.boarddocs.com/pa/ssasd/Board.nsf/goto?open&id=
South Williamsport Area SD,LYCOMING,https://go.boarddocs.com/pa/swil/Board.nsf/Public?open&id=policies,https://go.boarddocs.com/pa/swil/Board.nsf/public,https://go.boarddocs.com/pa/swil/Board.nsf/goto?open&id=
Southeast Delco SD,DELAWARE,https://go.boarddocs.com/pa/sedelco/Board.nsf/Public,https://go.boarddocs.com/pa/sedelco/Board.nsf/public,https://go.boarddocs.com/pa/sedelco/Board.nsf/goto?open&id=
Southern Columbia Area SD,COLUMBIA,https://go.boarddocs.com/pa/scol/Board.nsf/Public?open&id=policies,https://go.boarddocs.com/pa/scol/Board.nsf/public,https://go.boarddocs.com/pa/scol/Board.nsf/goto?open&id=
Southern Fulton SD,FULTON,https://go.boarddocs.com/pa/sful/Board.nsf/Public,https://go.boarddocs.com/pa/sful/Board.nsf/public,https://go.boarddocs.com/pa/sful/Board.nsf/goto?open&id=
Union City Area SD,ERIE,https://go.boarddocs.com/pa/ucasd/Board.nsf/Public?open&id=policies,https://go.boarddocs.com/pa/ucasd/Board.nsf/public,https://go.boarddocs.com/pa/ucasd/Board.nsf/goto?open&id=
Uniontown Area SD,FAYETTE,https://go.boarddocs.com/pa/untn/Board.nsf/Public?open&id=policies,https://go.boarddocs.com/pa/untn/Board.nsf/public,https://go.boarddocs.com/pa/untn/Board.nsf/goto?open&id=
Unionville-Chadds Ford SD,CHESTER,https://go.boarddocs.com/pa/uncf/Board.nsf/Public?open&id=policies,https://go.boarddocs.com/pa/uncf/Board.nsf/public,https://go.boarddocs.com/pa/uncf/Board.nsf/goto?open&id=
United SD,INDIANA,https://go.boarddocs.com/pa/unit/Board.nsf/Public,https://go.boarddocs.com/pa/unit/Board.nsf/public,https://go.boarddocs.com/pa/unit/Board.nsf/goto?open&id=
Upper Adams SD,ADAMS,https://go.boarddocs.com/pa/uada/Board.nsf/Public,https://go.boarddocs.com/pa/uada/Board.nsf/public,https://go.boarddocs.com/pa/uada/Board.nsf/goto?open&id=
Upper Darby SD,DELAWARE,https://go.boarddocs.com/pa/udar/Board.nsf/Public,https://go.boarddocs.com/pa/udar/Board.nsf/public,https://go.boarddocs.com/pa/udar/Board.nsf/goto?open&id=
Upper Dauphin Area SD,DAUPHIN,https://go.boarddocs.com/pa/udasd/Board.nsf/Public,https://go.boarddocs.com/pa/udasd/Board.nsf/public,https://go.boarddocs.com/pa/udasd/Board.nsf/goto?open&id=
Springfield Township SD,MONTGOMERY,https://go.boarddocs.com/pa/sflt/Board.nsf/Public,https://go.boarddocs.com/pa/sflt/Board.nsf/public,https://go.boarddocs.com/pa/sflt/Board.nsf/goto?open&id=
Upper Dublin SD,MONTGOMERY,https://go.boarddocs.com/pa/udub/Board.nsf/Public?open&id=policies,https://go.boarddocs.com/pa/udub/Board.nsf/public,https://go.boarddocs.com/pa/udub/Board.nsf/goto?open&id=
State College Area SD,CENTRE,https://go.boarddocs.com/pa/stco/Board.nsf/goto?open&id=A2SLYS507D33,https://go.boarddocs.com/pa/stco/Board.nsf/public,https://go.boarddocs.com/pa/stco/Board.nsf/goto?open&id=
Trinity Area SD,WASHINGTON,https://go.boarddocs.com/pa/tasdpa/Board.nsf/Public,https://go.boarddocs.com/pa/tasdpa/Board.nsf/public,https://go.boarddocs.com/pa/tasdpa/Board.nsf/goto?open&id=
Tulpehocken Area SD,BERKS,https://go.boarddocs.com/pa/tulp/Board.nsf/goto?open&id=9SJJEH4C8B2B,https://go.boarddocs.com/pa/tulp/Board.nsf/public,https://go.boarddocs.com/pa/tulp/Board.nsf/goto?open&id=
South Butler County SD (renamed?),BUTLER,https://go.boarddocs.com/pa/sbut/Board.nsf/Public,https://go.boarddocs.com/pa/sbut/Board.nsf/public,https://go.boarddocs.com/pa/sbut/Board.nsf/goto?open&id=
South Eastern SD,YORK,https://go.boarddocs.com/pa/seas/Board.nsf/Public,https://go.boarddocs.com/pa/seas/Board.nsf/public,https://go.boarddocs.com/pa/seas/Board.nsf/goto?open&id=
South Fayette Township SD,ALLEGHENY,https://go.boarddocs.com/pa/sfay/Board.nsf/Public,https://go.boarddocs.com/pa/sfay/Board.nsf/public,https://go.boarddocs.com/pa/sfay/Board.nsf/goto?open&id=
Southern Huntingdon County SD,HUNTINGDON,https://www.boarddocs.com/pa/shun/Board.nsf/,https://www.boarddocs.com/pa/shun/Board.nsf/public,https://www.boarddocs.com/pa/shun/Board.nsf/goto?open&id=
Valley Grove SD,VENANGO,https://go.boarddocs.com/pa/vlyg/Board.nsf/Public,https://go.boarddocs.com/pa/vlyg/Board.nsf/public,https://go.boarddocs.com/pa/vlyg/Board.nsf/goto?open&id=
Valley View SD,LACKAWANNA,https://go.boarddocs.com/il/d365u/Board.nsf/Public,https://go.boarddocs.com/il/d365u/Board.nsf/public,https://go.boarddocs.com/il/d365u/Board.nsf/goto?open&id=
Rochester Area SD,BEAVER,https://go.boarddocs.com/pa/roch/Board.nsf/Public,https://go.boarddocs.com/pa/roch/Board.nsf/public,https://go.boarddocs.com/pa/roch/Board.nsf/goto?open&id=
Stroudsburg Area SD,MONROE,https://go.boarddocs.com/pa/sasdpa/Board.nsf/Public,https://go.boarddocs.com/pa/sasdpa/Board.nsf/public,https://go.boarddocs.com/pa/sasdpa/Board.nsf/goto?open&id=
Sullivan County SD,SULLIVAN,https://go.boarddocs.com/pa/sull/Board.nsf/Public,https://go.boarddocs.com/pa/sull/Board.nsf/public,https://go.boarddocs.com/pa/sull/Board.nsf/goto?open&id=
Susquehanna Community SD,SUSQUEHANNA,https://go.boarddocs.com/pa/susc/Board.nsf/goto?open&id=CC7K294FB903,https://go.boarddocs.com/pa/susc/Board.nsf/public,https://go.boarddocs.com/pa/susc/Board.nsf/goto?open&id=
Palmerton Area SD,CARBON,https://go.boarddocs.com/pa/palm/Board.nsf/Public,https://go.boarddocs.com/pa/palm/Board.nsf/public,https://go.boarddocs.com/pa/palm/Board.nsf/goto?open&id=
Susquehanna Township SD,DAUPHIN,https://go.boarddocs.com/pa/stsdpa/Board.nsf/public,https://go.boarddocs.com/pa/stsdpa/Board.nsf/public,https://go.boarddocs.com/pa/stsdpa/Board.nsf/goto?open&id=
Susquenita SD,PERRY,https://go.boarddocs.com/pa/susq/Board.nsf/Public,https://go.boarddocs.com/pa/susq/Board.nsf/public,https://go.boarddocs.com/pa/susq/Board.nsf/goto?open&id=
Palmyra Area SD,LEBANON,https://go.boarddocs.com/pa/plmy/Board.nsf/goto?open&id=B3QHFF47F0D6,https://go.boarddocs.com/pa/plmy/Board.nsf/public,https://go.boarddocs.com/pa/plmy/Board.nsf/goto?open&id=
Panther Valley SD,CARBON,https://go.boarddocs.com/pa/pant/Board.nsf/goto?open&,https://go.boarddocs.com/pa/pant/Board.nsf/public,https://go.boarddocs.com/pa/pant/Board.nsf/goto?open&id=
Northern Cambria SD,CAMBRIA,https://go.boarddocs.com/pa/ncam/Board.nsf/Public?open&id=policies,https://go.boarddocs.com/pa/ncam/Board.nsf/public,https://go.boarddocs.com/pa/ncam/Board.nsf/goto?open&id=
Neshannock Township SD,LAWRENCE,https://go.boarddocs.com/pa/nsht/Board.nsf/goto?open&id=C4UPDA640F82,https://go.boarddocs.com/pa/nsht/Board.nsf/public,https://go.boarddocs.com/pa/nsht/Board.nsf/goto?open&id=
Northeast Bradford SD,BRADFORD,https://go.boarddocs.com/pa/nebr/Board.nsf,https://go.boarddocs.com/pa/nebr/Board.nsf/public,https://go.boarddocs.com/pa/nebr/Board.nsf/goto?open&id=
Northeastern York SD,YORK,https://go.boarddocs.com/pa/nesn/Board.nsf/vpublic?open,https://go.boarddocs.com/pa/nesn/Board.nsf/public,https://go.boarddocs.com/pa/nesn/Board.nsf/goto?open&id=
New Brighton Area SD,BEAVER,https://go.boarddocs.com/pa/newb/Board.nsf/Public?open&id=policies,https://go.boarddocs.com/pa/newb/Board.nsf/public,https://go.boarddocs.com/pa/newb/Board.nsf/goto?open&id=
New Castle Area SD,LAWRENCE,https://go.boarddocs.com/pa/ncasd/Board.nsf/goto?open&id=9X55640EA7DB,https://go.boarddocs.com/pa/ncasd/Board.nsf/public,https://go.boarddocs.com/pa/ncasd/Board.nsf/goto?open&id=
Monessen City SD,WESTMORELAND,https://go.boarddocs.com/pa/mone/Board.nsf/Public,https://go.boarddocs.com/pa/mone/Board.nsf/public,https://go.boarddocs.com/pa/mone/Board.nsf/goto?open&id=
New Kensington-Arnold SD,WESTMORELAND,https://go.boarddocs.com/pa/newk/Board.nsf/Public?open&id=policies,https://go.boarddocs.com/pa/newk/Board.nsf/public,https://go.boarddocs.com/pa/newk/Board.nsf/goto?open&id=
Marple Newtown SD,DELAWARE,https://go.boarddocs.com/pa/marp/Board.nsf/Public?open&id=policies,https://go.boarddocs.com/pa/marp/Board.nsf/public,https://go.boarddocs.com/pa/marp/Board.nsf/goto?open&id=
North Penn SD,MONTGOMERY,https://go.boarddocs.com/pa/npenn/Board.nsf/goto?open&id=BALUC873EE8F,https://go.boarddocs.com/pa/npenn/Board.nsf/public,https://go.boarddocs.com/pa/npenn/Board.nsf/goto?open&id=
North Pocono SD,LACKAWANNA,https://go.boarddocs.com/pa/npoco/Board.nsf/Public,https://go.boarddocs.com/pa/npoco/Board.nsf/public,https://go.boarddocs.com/pa/npoco/Board.nsf/goto?open&id=
North Schuylkill SD,SCHUYLKILL,https://go.boarddocs.com/pa/nsch/Board.nsf/Public,https://go.boarddocs.com/pa/nsch/Board.nsf/public,https://go.boarddocs.com/pa/nsch/Board.nsf/goto?open&id=
North Star SD,SOMERSET,https://go.boarddocs.com/pa/nstr/Board.nsf/Public?open&id=policies,https://go.boarddocs.com/pa/nstr/Board.nsf/public,https://go.boarddocs.com/pa/nstr/Board.nsf/goto?open&id=
Northampton Area SD,NORTHAMPTON,https://go.boarddocs.com/pa/north/Board.nsf/goto?open&id=BF8NKU5FB136,https://go.boarddocs.com/pa/north/Board.nsf/public,https://go.boarddocs.com/pa/north/Board.nsf/goto?open&id=
Montoursville Area SD,LYCOMING,https://go.boarddocs.com/pa/mntv/board.nsf/Public,https://go.boarddocs.com/pa/mntv/board.nsf/public,https://go.boarddocs.com/pa/mntv/board.nsf/goto?open&id=
Northwestern Lehigh SD,LEHIGH,https://go.boarddocs.com/pa/nwlsd/Board.nsf/Public,https://go.boarddocs.com/pa/nwlsd/Board.nsf/public,https://go.boarddocs.com/pa/nwlsd/Board.nsf/goto?open&id=
Oley Valley SD,BERKS,https://go.boarddocs.com/pa/oley/Board.nsf/Public,https://go.boarddocs.com/pa/oley/Board.nsf/public,https://go.boarddocs.com/pa/oley/Board.nsf/goto?open&id=
Philipsburg-Osceola Area SD,CLEARFIELD,https://go.boarddocs.com/pa/phos/Board.nsf/Public,https://go.boarddocs.com/pa/phos/Board.nsf/public,https://go.boarddocs.com/pa/phos/Board.nsf/goto?open&id=
Phoenixville Area SD,CHESTER,https://go.boarddocs.com/pa/phoe/Board.nsf/goto?open&id=B9QMQR52139D,https://go.boarddocs.com/pa/phoe/Board.nsf/public,https://go.boarddocs.com/pa/phoe/Board.nsf/goto?open&id=
Pine Grove Area SD,SCHUYLKILL,https://www.boarddocs.com/pa/ping/Board.nsf,https://www.boarddocs.com/pa/ping/Board.nsf/public,https://www.boarddocs.com/pa/ping/Board.nsf/goto?open&id=
Pine-Richland SD,ALLEGHENY,https://go.boarddocs.com/pa/prsd/Board.nsf/Public?open&id=policies,https://go.boarddocs.com/pa/prsd/Board.nsf/public,https://go.boarddocs.com/pa/prsd/Board.nsf/goto?open&id=
Oswayo Valley SD,POTTER,https://go.boarddocs.com/pa/ovsdpa/Board.nsf/goto?open&id=9P73GH067B1D,https://go.boarddocs.com/pa/ovsdpa/Board.nsf/public,https://go.boarddocs.com/pa/ovsdpa/Board.nsf/goto?open&id=
North Clarion County SD,CLARION,https://go.boarddocs.com/pa/ncla/Board.nsf/vpublic?open,https://go.boarddocs.com/pa/ncla/Board.nsf/public,https://go.boarddocs.com/pa/ncla/Board.nsf/goto?open&id=
North East SD,ERIE,https://go.boarddocs.com/pa/norte/board.nsf/public?open&id=policies,https://go.boarddocs.com/pa/norte/board.nsf/public,https://go.boarddocs.com/pa/norte/board.nsf/goto?open&id=
Pittsburgh SD,ALLEGHENY,https://go.boarddocs.com/pa/pghboe/Board.nsf/Public,https://go.boarddocs.com/pa/pghboe/Board.nsf/public,https://go.boarddocs.com/pa/pghboe/Board.nsf/goto?open&id=
Montgomery Area SD,LYCOMING,https://go.boarddocs.com/pa/mntg/Board.nsf/Public,https://go.boarddocs.com/pa/mntg/Board.nsf/public,https://go.boarddocs.com/pa/mntg/Board.nsf/goto?open&id=
Montour SD,ALLEGHENY,https://go.boarddocs.com/pa/mont/Board.nsf/Public?open&id=policies,https://go.boarddocs.com/pa/mont/Board.nsf/public,https://go.boarddocs.com/pa/mont/Board.nsf/goto?open&id=
Norwin SD,WESTMORELAND,https://go.boarddocs.com/pa/norw/Board.nsf/Public,https://go.boarddocs.com/pa/norw/Board.nsf/public,https://go.boarddocs.com/pa/norw/Board.nsf/goto?open&id=
Octorara Area SD,CHESTER,https://go.boarddocs.com/pa/octo/Board.nsf/Public,https://go.boarddocs.com/pa/octo/Board.nsf/public,https://go.boarddocs.com/pa/octo/Board.nsf/goto?open&id=
Plum Borough SD,ALLEGHENY,https://go.boarddocs.com/pa/pbsbpa/Board.nsf/Public,https://go.boarddocs.com/pa/pbsbpa/Board.nsf/public,https://go.boarddocs.com/pa/pbsbpa/Board.nsf/goto?open&id=
Pocono Mountain SD,MONROE,https://www.boarddocs.com/pa/pmsd/Board.nsf,https://www.boarddocs.com/pa/pmsd/Board.nsf/public,https://www.boarddocs.com/pa/pmsd/Board.nsf/goto?open&id=
Oil City Area SD,VENANGO,https://go.boarddocs.com/pa/oilc/Board.nsf/,https://go.boarddocs.com/pa/oilc/Board.nsf/public,https://go.boarddocs.com/pa/oilc/Board.nsf/goto?open&id=
Pennsbury SD,BUCKS,https://go.boarddocs.com/pa/psbr/Board.nsf/Public,https://go.boarddocs.com/pa/psbr/Board.nsf/public,https://go.boarddocs.com/pa/psbr/Board.nsf/goto?open&id=
Pequea Valley SD,LANCASTER,https://go.boarddocs.com/pa/pequ/Board.nsf/Public?open&id=policies,https://go.boarddocs.com/pa/pequ/Board.nsf/public,https://go.boarddocs.com/pa/pequ/Board.nsf/goto?open&id=
Perkiomen Valley SD,MONTGOMERY,https://go.boarddocs.com/pa/perkiomen/Board.nsf/Public,https://go.boarddocs.com/pa/perkiomen/Board.nsf/public,https://go.boarddocs.com/pa/perkiomen/Board.nsf/goto?open&id=
Peters Township SD,WASHINGTON,https://go.boarddocs.com/pa/pete/Board.nsf/goto?open&id=BF7PND656B9F,https://go.boarddocs.com/pa/pete/Board.nsf/public,https://go.boarddocs.com/pa/pete/Board.nsf/goto?open&id=
Riverside Beaver County SD,BEAVER,https://go.boarddocs.com/pa/rvbv/Board.nsf/Public?open&id=policies,https://go.boarddocs.com/pa/rvbv/Board.nsf/public,https://go.boarddocs.com/pa/rvbv/Board.nsf/goto?open&id=
Shamokin Area SD,NORTHUMBERLAND,https://go.boarddocs.com/pa/sham/Board.nsf/Public,https://go.boarddocs.com/pa/sham/Board.nsf/public,https://go.boarddocs.com/pa/sham/Board.nsf/goto?open&id=
Shanksville-Stonycreek SD,SOMERSET,https://go.boarddocs.com/pa/shan/Board.nsf/vpublic?open,https://go.boarddocs.com/pa/shan/Board.nsf/public,https://go.boarddocs.com/pa/shan/Board.nsf/goto?open&id=
Sharon City SD,MERCER,https://go.boarddocs.com/pa/sharon/Board.nsf/Public?open&id=policies,https://go.boarddocs.com/pa/sharon/Board.nsf/public,https://go.boarddocs.com/pa/sharon/Board.nsf/goto?open&id=
Greensburg Salem SD,WESTMORELAND,https://go.boarddocs.com/pa/gree/Board.nsf/Public,https://go.boarddocs.com/pa/gree/Board.nsf/public,https://go.boarddocs.com/pa/gree/Board.nsf/goto?open&id=
Sharpsville Area SD,MERCER,https://go.boarddocs.com/pa/sharpsville/Board.nsf/Public,https://go.boarddocs.com/pa/sharpsville/Board.nsf/public,https://go.boarddocs.com/pa/sharpsville/Board.nsf/goto?open&id=
Shenandoah Valley SD,SCHUYLKILL,https://go.boarddocs.com/pa/shnd/Board.nsf/Public?open&id=policies,https://go.boarddocs.com/pa/shnd/Board.nsf/public,https://go.boarddocs.com/pa/shnd/Board.nsf/goto?open&id=
Shikellamy SD,NORTHUMBERLAND,https://go.boarddocs.com/pa/shik/Board.nsf/Public,https://go.boarddocs.com/pa/shik/Board.nsf/public,https://go.boarddocs.com/pa/shik/Board.nsf/goto?open&id=
Shippensburg Area SD,CUMBERLAND,https://go.boarddocs.com/pa/ship/Board.nsf/Public?open&id=policies,https://go.boarddocs.com/pa/ship/Board.nsf/public,https://go.boarddocs.com/pa/ship/Board.nsf/goto?open&id=
North Hills SD,ALLEGHENY,https://go.boarddocs.com/pa/nhsd/Board.nsf/goto?open&id=A72M3R57DDB5,https://go.boarddocs.com/pa/nhsd/Board.nsf/public,https://go.boarddocs.com/pa/nhsd/Board.nsf/goto?open&id=
Portage Area SD,CAMBRIA,https://go.boarddocs.com/pa/prtg/Board.nsf/Private,https://go.boarddocs.com/pa/prtg/Board.nsf/public,https://go.boarddocs.com/pa/prtg/Board.nsf/goto?open&id=
Purchase Line SD,INDIANA,https://go.boarddocs.com/pa/purc/Board.nsf/Public?open&id=policies,https://go.boarddocs.com/pa/purc/Board.nsf/public,https://go.boarddocs.com/pa/purc/Board.nsf/goto?open&id=
Quaker Valley SD,ALLEGHENY,https://go.boarddocs.com/pa/qvsd/Board.nsf/goto?open&id=AFLJYC4F4F50,https://go.boarddocs.com/pa/qvsd/Board.nsf/public,https://go.boarddocs.com/pa/qvsd/Board.nsf/goto?open&id=
Quakertown Community SD,BUCKS,https://go.boarddocs.com/pa/qcsd/Board.nsf/Public?open&id=policies,https://go.boarddocs.com/pa/qcsd/Board.nsf/public,https://go.boarddocs.com/pa/qcsd/Board.nsf/goto?open&id=
Montrose Area SD,SUSQUEHANNA,https://go.boarddocs.com/pa/mntr/Board.nsf/Public,https://go.boarddocs.com/pa/mntr/Board.nsf/public,https://go.boarddocs.com/pa/mntr/Board.nsf/goto?open&id=
Moon Area SD,ALLEGHENY,https://go.boarddocs.com/pa/moonasd/Board.nsf/Public,https://go.boarddocs.com/pa/moonasd/Board.nsf/public,https://go.boarddocs.com/pa/moonasd/Board.nsf/goto?open&id=
Shenango Area SD,LAWRENCE,https://go.boarddocs.com/pa/shen/Board.nsf/Private,https://go.boarddocs.com/pa/shen/Board.nsf/public,https://go.boarddocs.com/pa/shen/Board.nsf/goto?open&id=
Moshannon Valley SD,CLEARFIELD,https://go.boarddocs.com/pa/mosh/Board.nsf/vpublic?open,https://go.boarddocs.com/pa/mosh/Board.nsf/public,https://go.boarddocs.com/pa/mosh/Board.nsf/goto?open&id=
Mount Union Area SD,HUNTINGDON,https://go.boarddocs.com/pa/mtun/Board.nsf,https://go.boarddocs.com/pa/mtun/Board.nsf/public,https://go.boarddocs.com/pa/mtun/Board.nsf/goto?open&id=
Mountain View SD,SUSQUEHANNA,https://go.boarddocs.com/pa/moun/Board.nsf/Public?open&id=policies,https://go.boarddocs.com/pa/moun/Board.nsf/public,https://go.boarddocs.com/pa/moun/Board.nsf/goto?open&id=
Pottstown SD,MONTGOMERY,https://go.boarddocs.com/pa/ptst/Board.nsf/Public,https://go.boarddocs.com/pa/ptst/Board.nsf/public,https://go.boarddocs.com/pa/ptst/Board.nsf/goto?open&id=
Mount Carmel Area SD,NORTHUMBERLAND,https://go.boarddocs.com/pa/mcar/Board.nsf/Public?open&id=policies,https://go.boarddocs.com/pa/mcar/Board.nsf/public,https://go.boarddocs.com/pa/mcar/Board.nsf/goto?open&id=
Port Allegany SD,MCKEAN,https://go.boarddocs.com/pa/port/Board.nsf,https://go.boarddocs.com/pa/port/Board.nsf/public,https://go.boarddocs.com/pa/port/Board.nsf/goto?open&id=
Reading SD,BERKS,https://www.boarddocs.com/pa/reading/Board.nsf,https://www.boarddocs.com/pa/reading/Board.nsf/public,https://www.boarddocs.com/pa/reading/Board.nsf/goto?open&id=
Red Lion Area SD,YORK,https://go.boarddocs.com/pa/redl/Board.nsf/Public,https://go.boarddocs.com/pa/redl/Board.nsf/public,https://go.boarddocs.com/pa/redl/Board.nsf/goto?open&id=
Redbank Valley SD,CLARION,https://go.boarddocs.com/pa/redb/Board.nsf/Public,https://go.boarddocs.com/pa/redb/Board.nsf/public,https://go.boarddocs.com/pa/redb/Board.nsf/goto?open&id=
Northern Lebanon SD,LEBANON,https://go.boarddocs.com/pa/nleb/Board.nsf/Public?open&id=policies,https://go.boarddocs.com/pa/nleb/Board.nsf/public,https://go.boarddocs.com/pa/nleb/Board.nsf/goto?open&id=
Pottsgrove SD,MONTGOMERY,https://go.boarddocs.com/pa/ptsg/Board.nsf/goto?open&id=ADXLBY558A76,https://go.boarddocs.com/pa/ptsg/Board.nsf/public,https://go.boarddocs.com/pa/ptsg/Board.nsf/goto?open&id=
Northern Lehigh SD,LEHIGH,https://go.boarddocs.com/pa/nleh/Board.nsf/goto?open&id=9TLRXG7020BF,https://go.boarddocs.com/pa/nleh/Board.nsf/public,https://go.boarddocs.com/pa/nleh/Board.nsf/goto?open&id=
Pottsville Area SD,SCHUYLKILL,https://go.boarddocs.com/pa/pott/Board.nsf/Public?open&id=policies,https://go.boarddocs.com/pa/pott/Board.nsf/public,https://go.boarddocs.com/pa/pott/Board.nsf/goto?open&id=
Punxsutawney Area SD,JEFFERSON,https://go.boarddocs.com/pa/punx/Board.nsf/Public?open&id=policies,https://go.boarddocs.com/pa/punx/Board.nsf/public,https://go.boarddocs.com/pa/punx/Board.nsf/goto?open&id=
Farrell Area SD,MERCER,http://go.boarddocs.com/pa/farr/Board.nsf/goto?open&id=B9HR827A456D,http://go.boarddocs.com/pa/farr/Board.nsf/public,http://go.boarddocs.com/pa/farr/Board.nsf/goto?open&id=
Fannett-Metal SD,FRANKLIN,https://go.boarddocs.com/pa/fann/Board.nsf/Public?open&id=policies,https://go.boarddocs.com/pa/fann/Board.nsf/public,https://go.boarddocs.com/pa/fann/Board.nsf/goto?open&id=
Elizabeth Forward SD,ALLEGHENY,http://go.boarddocs.com/pa/efsd/Board.nsf/goto?open&id=B9DTJE5FA307,http://go.boarddocs.com/pa/efsd/Board.nsf/public,http://go.boarddocs.com/pa/efsd/Board.nsf/goto?open&id=
Deer Lakes SD,ALLEGHENY,http://go.boarddocs.com/psba/dlsdpa/Board.nsf/goto?open&id=9TLMUA5CCF75,http://go.boarddocs.com/psba/dlsdpa/Board.nsf/public,http://go.boarddocs.com/psba/dlsdpa/Board.nsf/goto?open&id=
Delaware Valley SD,PIKE,https://go.boarddocs.com/pa/dvsd/Board.nsf/Public#tab-policies,https://go.boarddocs.com/pa/dvsd/Board.nsf/public,https://go.boarddocs.com/pa/dvsd/Board.nsf/goto?open&id=
Derry Area SD,WESTMORELAND,https://go.boarddocs.com/pa/dery/Board.nsf/Public?open&id=policies,https://go.boarddocs.com/pa/dery/Board.nsf/public,https://go.boarddocs.com/pa/dery/Board.nsf/goto?open&id=
Elk Lake SD,SUSQUEHANNA,https://go.boarddocs.com/pa/elklake/Board.nsf/goto?open&id=9TLVDC7FFB1D,https://go.boarddocs.com/pa/elklake/Board.nsf/public,https://go.boarddocs.com/pa/elklake/Board.nsf/goto?open&id=
Garnet Valley SD,DELAWARE,https://go.boarddocs.com/pa/garn/Board.nsf/Public,https://go.boarddocs.com/pa/garn/Board.nsf/public,https://go.boarddocs.com/pa/garn/Board.nsf/goto?open&id=
Gateway SD,ALLEGHENY,https://go.boarddocs.com/pa/gsdpa/Board.nsf/Public,https://go.boarddocs.com/pa/gsdpa/Board.nsf/public,https://go.boarddocs.com/pa/gsdpa/Board.nsf/goto?open&id=
Hanover Area SD,LUZERNE,https://go.boarddocs.com/pa/hano/Board.nsf/Public,https://go.boarddocs.com/pa/hano/Board.nsf/public,https://go.boarddocs.com/pa/hano/Board.nsf/goto?open&id=
Berlin Brothersvalley SD,SOMERSET,https://go.boarddocs.com/pa/brlb/Board.nsf/Public,https://go.boarddocs.com/pa/brlb/Board.nsf/public,https://go.boarddocs.com/pa/brlb/Board.nsf/goto?open&id=
Galeton Area SD,POTTER,https://go.boarddocs.com/pa/gale/Board.nsf/Public,https://go.boarddocs.com/pa/gale/Board.nsf/public,https://go.boarddocs.com/pa/gale/Board.nsf/goto?open&id=
Hanover Public SD,YORK,https://go.boarddocs.com/pa/hanp/Board.nsf/public,https://go.boarddocs.com/pa/hanp/Board.nsf/public,https://go.boarddocs.com/pa/hanp/Board.nsf/goto?open&id=
Ellwood City Area SD,LAWRENCE,https://go.boarddocs.com/pa/ellw/Board.nsf/Public,https://go.boarddocs.com/pa/ellw/Board.nsf/public,https://go.boarddocs.com/pa/ellw/Board.nsf/goto?open&id=
Erie City SD,ERIE,https://go.boarddocs.com/pa/eriesd/Board.nsf/Public?open&id=policies,https://go.boarddocs.com/pa/eriesd/Board.nsf/public,https://go.boarddocs.com/pa/eriesd/Board.nsf/goto?open&id=
Everett Area SD,BEDFORD,https://go.boarddocs.com/pa/ever/Board.nsf/Public?open&id=policies,https://go.boarddocs.com/pa/ever/Board.nsf/public,https://go.boarddocs.com/pa/ever/Board.nsf/goto?open&id=
Danville Area SD,MONTOUR,https://go.boarddocs.com/pa/danv/Board.nsf/vpublic?open,https://go.boarddocs.com/pa/danv/Board.nsf/public,https://go.boarddocs.com/pa/danv/Board.nsf/goto?open&id=
Jefferson-Morgan SD,GREENE,https://go.boarddocs.com/pa/jeff/Board.nsf/Public,https://go.boarddocs.com/pa/jeff/Board.nsf/public,https://go.boarddocs.com/pa/jeff/Board.nsf/goto?open&id=
Conestoga Valley SD,LANCASTER,https://go.boarddocs.com/pa/conestoga/Board.nsf/goto?open&id=B42R736C8D1A,https://go.boarddocs.com/pa/conestoga/Board.nsf/public,https://go.boarddocs.com/pa/conestoga/Board.nsf/goto?open&id=
Conewago Valley SD,ADAMS,https://go.boarddocs.com/pa/cone/Board.nsf/Public,https://go.boarddocs.com/pa/cone/Board.nsf/public,https://go.boarddocs.com/pa/cone/Board.nsf/goto?open&id=
Derry Township SD,DAUPHIN,https://go.boarddocs.com/pa/dert/Board.nsf/Public,https://go.boarddocs.com/pa/dert/Board.nsf/public,https://go.boarddocs.com/pa/dert/Board.nsf/goto?open&id=
Donegal SD,LANCASTER,https://go.boarddocs.com/pa/dngl/Board.nsf/Public,https://go.boarddocs.com/pa/dngl/Board.nsf/public,https://go.boarddocs.com/pa/dngl/Board.nsf/goto?open&id=
Dover Area SD,YORK,https://go.boarddocs.com/pa/dove/Board.nsf/Public,https://go.boarddocs.com/pa/dove/Board.nsf/public,https://go.boarddocs.com/pa/dove/Board.nsf/goto?open&id=
Downingtown Area SD,CHESTER,https://go.boarddocs.com/pa/down/Board.nsf/Public,https://go.boarddocs.com/pa/down/Board.nsf/public,https://go.boarddocs.com/pa/down/Board.nsf/goto?open&id=
Conemaugh Township Area SD,SOMERSET,https://go.boarddocs.com/pa/cnmt/Board.nsf/Public?open&id=policies,https://go.boarddocs.com/pa/cnmt/Board.nsf/public,https://go.boarddocs.com/pa/cnmt/Board.nsf/goto?open&id=
Avonworth SD,ALLEGHENY,https://go.boarddocs.com/pa/avnw/Board.nsf/Public,https://go.boarddocs.com/pa/avnw/Board.nsf/public,https://go.boarddocs.com/pa/avnw/Board.nsf/goto?open&id=
Benton Area SD,COLUMBIA,https://go.boarddocs.com/pa/bent/Board.nsf/Public,https://go.boarddocs.com/pa/bent/Board.nsf/public,https://go.boarddocs.com/pa/bent/Board.nsf/goto?open&id=
Bentworth SD,WASHINGTON,https://go.boarddocs.com/pa/bntw/Board.nsf/Public,https://go.boarddocs.com/pa/bntw/Board.nsf/public,https://go.boarddocs.com/pa/bntw/Board.nsf/goto?open&id=
Cumberland Valley SD,CUMBERLAND,https://go.boarddocs.com/pa/cmdvsd/Board.nsf/Public?open&id=policies#,https://go.boarddocs.com/pa/cmdvsd/Board.nsf/public,https://go.boarddocs.com/pa/cmdvsd/Board.nsf/goto?open&id=
Curwensville Area SD,CLEARFIELD,https://go.boarddocs.com/pa/curw/Board.nsf/Public?open&id=policies,https://go.boarddocs.com/pa/curw/Board.nsf/public,https://go.boarddocs.com/pa/curw/Board.nsf/goto?open&id=
Conneaut SD,CRAWFORD,https://go.boarddocs.com/pa/cnea/Board.nsf/Public?open&id=policies,https://go.boarddocs.com/pa/cnea/Board.nsf/public,https://go.boarddocs.com/pa/cnea/Board.nsf/goto?open&id=
Connellsville Area SD,FAYETTE,https://go.boarddocs.com/pa/conn/Board.nsf/Public,https://go.boarddocs.com/pa/conn/Board.nsf/public,https://go.boarddocs.com/pa/conn/Board.nsf/goto?open&id=
Conrad Weiser Area SD,BERKS,https://go.boarddocs.com/pa/conr/Board.nsf/Public,https://go.boarddocs.com/pa/conr/Board.nsf/public,https://go.boarddocs.com/pa/conr/Board.nsf/goto?open&id=
Dallas SD,LUZERNE,https://go.boarddocs.com/pa/dall/Board.nsf/Public?open&id=policies,https://go.boarddocs.com/pa/dall/Board.nsf/public,https://go.boarddocs.com/pa/dall/Board.nsf/goto?open&id=
Dallastown Area SD,YORK,https://go.boarddocs.com/pa/dalt/Board.nsf/Public,https://go.boarddocs.com/pa/dalt/Board.nsf/public,https://go.boarddocs.com/pa/dalt/Board.nsf/goto?open&id=
Clarion Area SD,CLARION,https://go.boarddocs.com/pa/clar/Board.nsf/Public,https://go.boarddocs.com/pa/clar/Board.nsf/public,https://go.boarddocs.com/pa/clar/Board.nsf/goto?open&id=
Clarion-Limestone Area SD,CLARION,https://go.boarddocs.com/pa/clal/Board.nsf/Public#,https://go.boarddocs.com/pa/clal/Board.nsf/public,https://go.boarddocs.com/pa/clal/Board.nsf/goto?open&id=
Fairfield Area SD,ADAMS,https://go.boarddocs.com/pa/fair/Board.nsf/Public,https://go.boarddocs.com/pa/fair/Board.nsf/public,https://go.boarddocs.com/pa/fair/Board.nsf/goto?open&id=
Glendale SD,CLEARFIELD,https://go.boarddocs.com/pa/glen/Board.nsf/Public,https://go.boarddocs.com/pa/glen/Board.nsf/public,https://go.boarddocs.com/pa/glen/Board.nsf/goto?open&id=
Exeter Township SD,BERKS,https://go.boarddocs.com/pa/exeter/Board.nsf/Public?open&id=policies,https://go.boarddocs.com/pa/exeter/Board.nsf/public,https://go.boarddocs.com/pa/exeter/Board.nsf/goto?open&id=
Duquesne City SD,ALLEGHENY,https://go.boarddocs.com/pa/duqu/Board.nsf/vpublic?open,https://go.boarddocs.com/pa/duqu/Board.nsf/public,https://go.boarddocs.com/pa/duqu/Board.nsf/goto?open&id=
Forest Hills SD,CAMBRIA,https://go.boarddocs.com/pa/forh/Board.nsf/Public?open&id=policies,https://go.boarddocs.com/pa/forh/Board.nsf/public,https://go.boarddocs.com/pa/forh/Board.nsf/goto?open&id=
Fort Cherry SD,WASHINGTON,https://go.boarddocs.com/pa/fortcherry/Board.nsf/vpublic?open,https://go.boarddocs.com/pa/fortcherry/Board.nsf/public,https://go.boarddocs.com/pa/fortcherry/Board.nsf/goto?open&id=
Dubois Area SD,CLEARFIELD,https://go.boarddocs.com/pa/dubo/Board.nsf/vpublic,https://go.boarddocs.com/pa/dubo/Board.nsf/public,https://go.boarddocs.com/pa/dubo/Board.nsf/goto?open&id=
Dunmore SD,LACKAWANNA,https://go.boarddocs.com/pa/dnmr/Board.nsf/Public?open&id=policies,https://go.boarddocs.com/pa/dnmr/Board.nsf/public,https://go.boarddocs.com/pa/dnmr/Board.nsf/goto?open&id=
Austin Area SD,POTTER,https://go.boarddocs.com/pa/aust/Board.nsf/Public,https://go.boarddocs.com/pa/aust/Board.nsf/public,https://go.boarddocs.com/pa/aust/Board.nsf/goto?open&id=
Avella Area SD,WASHINGTON,https://go.boarddocs.com/pa/avel/Board.nsf/vpublic?open,https://go.boarddocs.com/pa/avel/Board.nsf/public,https://go.boarddocs.com/pa/avel/Board.nsf/goto?open&id=
East Allegheny SD,ALLEGHENY,https://go.boarddocs.com/pa/eall/Board.nsf/Public,https://go.boarddocs.com/pa/eall/Board.nsf/public,https://go.boarddocs.com/pa/eall/Board.nsf/goto?open&id=
Keystone SD,CLARION,https://go.boarddocs.com/pa/keys/Board.nsf/Public,https://go.boarddocs.com/pa/keys/Board.nsf/public,https://go.boarddocs.com/pa/keys/Board.nsf/goto?open&id=
Keystone Central SD,CLINTON,https://go.boarddocs.com/pa/keyc/Board.nsf/goto?open&id=AQJPPT62F311,https://go.boarddocs.com/pa/keyc/Board.nsf/public,https://go.boarddocs.com/pa/keyc/Board.nsf/goto?open&id=
Avon Grove SD,CHESTER,https://go.boarddocs.com/pa/avongrove/Board.nsf/Public?open&id=policies,https://go.boarddocs.com/pa/avongrove/Board.nsf/public,https://go.boarddocs.com/pa/avongrove/Board.nsf/goto?open&id=
Baldwin-Whitehall SD,ALLEGHENY,https://go.boarddocs.com/pa/bldw/Board.nsf/Public,https://go.boarddocs.com/pa/bldw/Board.nsf/public,https://go.boarddocs.com/pa/bldw/Board.nsf/goto?open&id=
Bangor Area SD,NORTHAMPTON,https://www.boarddocs.com/pa/bang/Board.nsf/,https://www.boarddocs.com/pa/bang/Board.nsf/public,https://www.boarddocs.com/pa/bang/Board.nsf/goto?open&id=
Lehighton Area SD,CARBON,https://go.boarddocs.com/pa/lehi/Board.nsf/vpublic?open,https://go.boarddocs.com/pa/lehi/Board.nsf/public,https://go.boarddocs.com/pa/lehi/Board.nsf/goto?open&id=
Lewisburg Area SD,UNION,https://go.boarddocs.com/pa/lewi/Board.nsf/Public,https://go.boarddocs.com/pa/lewi/Board.nsf/public,https://go.boarddocs.com/pa/lewi/Board.nsf/goto?open&id=
Ligonier Valley SD,WESTMORELAND,https://go.boarddocs.com/pa/ligo/Board.nsf/Public,https://go.boarddocs.com/pa/ligo/Board.nsf/public,https://go.boarddocs.com/pa/ligo/Board.nsf/goto?open&id=
Lower Dauphin SD,DAUPHIN,https://go.boarddocs.com/pa/ldsdpa/Board.nsf/Public?open&id=policies,https://go.boarddocs.com/pa/ldsdpa/Board.nsf/public,https://go.boarddocs.com/pa/ldsdpa/Board.nsf/goto?open&id=
Grove City Area SD,MERCER,https://go.boarddocs.com/pa/grov/Board.nsf/goto?open&id=A7DSTS636AFA,https://go.boarddocs.com/pa/grov/Board.nsf/public,https://go.boarddocs.com/pa/grov/Board.nsf/goto?open&id=
Jenkintown SD,MONTGOMERY,https://www.boarddocs.com/pa/jenkintown/Board.nsf/,https://www.boarddocs.com/pa/jenkintown/Board.nsf/public,https://www.boarddocs.com/pa/jenkintown/Board.nsf/goto?open&id=
Millersburg Area SD,DAUPHIN,https://go.boarddocs.com/pa/mlrb/Board.nsf/Public?open&id=policies,https://go.boarddocs.com/pa/mlrb/Board.nsf/public,https://go.boarddocs.com/pa/mlrb/Board.nsf/goto?open&id=
Millville Area SD,COLUMBIA,https://go.boarddocs.com/pa/mlvlsd/Board.nsf/Public,https://go.boarddocs.com/pa/mlvlsd/Board.nsf/public,https://go.boarddocs.com/pa/mlvlsd/Board.nsf/goto?open&id=
Milton Area SD,NORTHUMBERLAND,https://go.boarddocs.com/pa/milt/Board.nsf/Public,https://go.boarddocs.com/pa/milt/Board.nsf/public,https://go.boarddocs.com/pa/milt/Board.nsf/goto?open&id=
Freedom Area SD,BEAVER,https://go.boarddocs.com/pa/free/Board.nsf/Public,https://go.boarddocs.com/pa/free/Board.nsf/public,https://go.boarddocs.com/pa/free/Board.nsf/goto?open&id=
McGuffey SD,WASHINGTON,https://go.boarddocs.com/pa/mcguffey/Board.nsf/Public?open&id=policies,https://go.boarddocs.com/pa/mcguffey/Board.nsf/public,https://go.boarddocs.com/pa/mcguffey/Board.nsf/goto?open&id=
Kiski Area SD,WESTMORELAND,https://go.boarddocs.com/pa/kisk/Board.nsf/Public,https://go.boarddocs.com/pa/kisk/Board.nsf/public,https://go.boarddocs.com/pa/kisk/Board.nsf/goto?open&id=
Kutztown Area SD,BERKS,https://go.boarddocs.com/pa/kutz/Board.nsf/Public,https://go.boarddocs.com/pa/kutz/Board.nsf/public,https://go.boarddocs.com/pa/kutz/Board.nsf/goto?open&id=
Lackawanna Trail SD,WYOMING,https://go.boarddocs.com/pa/lack/Board.nsf/Public?open&id=policies,https://go.boarddocs.com/pa/lack/Board.nsf/public,https://go.boarddocs.com/pa/lack/Board.nsf/goto?open&id=
Great Valley SD,CHESTER,https://go.boarddocs.com/pa/gvsd/Board.nsf/goto?open&id=AWGS8E701AA8,https://go.boarddocs.com/pa/gvsd/Board.nsf/public,https://go.boarddocs.com/pa/gvsd/Board.nsf/goto?open&id=
Mifflin County SD,MIFFLIN,"https://go.boarddocs.com/pa/miff/Board.nsf/goto?open&id=CEHS7Q6C4818#:~:text=No%20visible%20undergarments%20are%20permitted,language%20or%20gestures%20is%20prohibited.",https://go.boarddocs.com/pa/miff/Board.nsf/public,https://go.boarddocs.com/pa/miff/Board.nsf/goto?open&id=
Mifflinburg Area SD,UNION,https://go.boarddocs.com/pa/mfbg/Board.nsf/Public,https://go.boarddocs.com/pa/mfbg/Board.nsf/public,https://go.boarddocs.com/pa/mfbg/Board.nsf/goto?open&id=
Millcreek Township SD,ERIE,https://go.boarddocs.com/pa/mctsd/Board.nsf/Public?open&id=policies,https://go.boarddocs.com/pa/mctsd/Board.nsf/public,https://go.boarddocs.com/pa/mctsd/Board.nsf/goto?open&id=
Greater Johnstown SD,CAMBRIA,https://go.boarddocs.com/pa/grjo/Board.nsf/vpublic?open,https://go.boarddocs.com/pa/grjo/Board.nsf/public,https://go.boarddocs.com/pa/grjo/Board.nsf/goto?open&id=
Greater Latrobe SD,WESTMORELAND,https://go.boarddocs.com/pa/grla/Board.nsf/public,https://go.boarddocs.com/pa/grla/Board.nsf/public,https://go.boarddocs.com/pa/grla/Board.nsf/goto?open&id=
Greater Nanticoke Area SD,LUZERNE,https://go.boarddocs.com/pa/grna/Board.nsf/Public?open&id=policies,https://go.boarddocs.com/pa/grna/Board.nsf/public,https://go.boarddocs.com/pa/grna/Board.nsf/goto?open&id=
Greencastle-Antrim SD,FRANKLIN,https://go.boarddocs.com/pa/gran/Board.nsf/vpublic?open,https://go.boarddocs.com/pa/gran/Board.nsf/public,https://go.boarddocs.com/pa/gran/Board.nsf/goto?open&id=
Lake-Lehman SD,LUZERNE,https://go.boarddocs.com/pa/lake/Board.nsf/Public?open&id=policies,https://go.boarddocs.com/pa/lake/Board.nsf/public,https://go.boarddocs.com/pa/lake/Board.nsf/goto?open&id=
Kennett Consolidated SD,CHESTER,https://go.boarddocs.com/pa/kenn/Board.nsf/Public,https://go.boarddocs.com/pa/kenn/Board.nsf/public,https://go.boarddocs.com/pa/kenn/Board.nsf/goto?open&id=
Greenville Area SD,MERCER,https://go.boarddocs.com/pa/grev/Board.nsf,https://go.boarddocs.com/pa/grev/Board.nsf/public,https://go.boarddocs.com/pa/grev/Board.nsf/goto?open&id=
East Penn SD,LEHIGH,https://go.boarddocs.com/pa/epen/Board.nsf/goto?open&id=AKYNGS5E801C,https://go.boarddocs.com/pa/epen/Board.nsf/public,https://go.boarddocs.com/pa/epen/Board.nsf/goto?open&id=
Greenwood SD,PERRY,https://go.boarddocs.com/pa/grew/Board.nsf/Public,https://go.boarddocs.com/pa/grew/Board.nsf/public,https://go.boarddocs.com/pa/grew/Board.nsf/goto?open&id=
Jim Thorpe Area SD,CARBON,https://go.boarddocs.com/pa/jtasdpa/Board.nsf/Public,https://go.boarddocs.com/pa/jtasdpa/Board.nsf/public,https://go.boarddocs.com/pa/jtasdpa/Board.nsf/goto?open&id=
Halifax Area SD,DAUPHIN,https://go.boarddocs.com/pa/hasdpa/Board.nsf/Public,https://go.boarddocs.com/pa/hasdpa/Board.nsf/public,https://go.boarddocs.com/pa/hasdpa/Board.nsf/goto?open&id=
Hamburg Area SD,BERKS,https://go.boarddocs.com/pa/hamb/Board.nsf/Public?open&id=policies,https://go.boarddocs.com/pa/hamb/Board.nsf/public,https://go.boarddocs.com/pa/hamb/Board.nsf/goto?open&id=
Pen Argyl Area SD,NORTHAMPTON,https://go.boarddocs.com/pa/penargyl/Board.nsf/Public?open&id=policies,https://go.boarddocs.com/pa/penargyl/Board.nsf/public,https://go.boarddocs.com/pa/penargyl/Board.nsf/goto?open&id=
McKeesport Area SD,ALLEGHENY,https://go.boarddocs.com/pa/mcke/Board.nsf/Public,https://go.boarddocs.com/pa/mcke/Board.nsf/public,https://go.boarddocs.com/pa/mcke/Board.nsf/goto?open&id=
Bethel Park SD,ALLEGHENY,https://go.boarddocs.com/pa/bthl/Board.nsf/Public,https://go.boarddocs.com/pa/bthl/Board.nsf/public,https://go.boarddocs.com/pa/bthl/Board.nsf/goto?open&id=
Penn-Delco SD,DELAWARE,https://go.boarddocs.com/pa/pdscpa/Board.nsf/Public,https://go.boarddocs.com/pa/pdscpa/Board.nsf/public,https://go.boarddocs.com/pa/pdscpa/Board.nsf/goto?open&id=
Mechanicsburg Area SD,CUMBERLAND,https://go.boarddocs.com/pa/mechpa/Board.nsf/Public,https://go.boarddocs.com/pa/mechpa/Board.nsf/public,https://go.boarddocs.com/pa/mechpa/Board.nsf/goto?open&id=
Mercer Area SD,MERCER,https://go.boarddocs.com/pa/merc/Board.nsf/Public,https://go.boarddocs.com/pa/merc/Board.nsf/public,https://go.boarddocs.com/pa/merc/Board.nsf/goto?open&id=
Methacton SD,MONTGOMERY,https://go.boarddocs.com/pa/meth/Board.nsf/public,https://go.boarddocs.com/pa/meth/Board.nsf/public,https://go.boarddocs.com/pa/meth/Board.nsf/goto?open&id=
Penn Hills SD,ALLEGHENY,https://go.boarddocs.com/pa/phsd/Board.nsf/Public,https://go.boarddocs.com/pa/phsd/Board.nsf/public,https://go.boarddocs.com/pa/phsd/Board.nsf/goto?open&id=
Penn Manor SD,LANCASTER,https://go.boarddocs.com/pa/pman/Board.nsf/goto?open&id=AA5JKC4CE8E9,https://go.boarddocs.com/pa/pman/Board.nsf/public,https://go.boarddocs.com/pa/pman/Board.nsf/goto?open&id=
Meyersdale Area SD,SOMERSET,https://go.boarddocs.com/pa/meye/Board.nsf/Public,https://go.boarddocs.com/pa/meye/Board.nsf/public,https://go.boarddocs.com/pa/meye/Board.nsf/goto?open&id=
Mid Valley SD,LACKAWANNA,https://go.boarddocs.com/pa/mvley/Board.nsf/goto?open&id=AGTTNV7006E2,https://go.boarddocs.com/pa/mvley/Board.nsf/public,https://go.boarddocs.com/pa/mvley/Board.nsf/goto?open&id=
Midd-West SD,SNYDER,https://go.boarddocs.com/pa/midd/Board.nsf/Public,https://go.boarddocs.com/pa/midd/Board.nsf/public,https://go.boarddocs.com/pa/midd/Board.nsf/goto?open&id=
Middletown Area SD,DAUPHIN,https://go.boarddocs.com/pa/midt/Board.nsf/goto?open&id=9YUTLQ6CED3E,https://go.boarddocs.com/pa/midt/Board.nsf/public,https://go.boarddocs.com/pa/midt/Board.nsf/goto?open&id=
Lebanon SD,LEBANON,https://go.boarddocs.com/pa/leba/Board.nsf/Public,https://go.boarddocs.com/pa/leba/Board.nsf/public,https://go.boarddocs.com/pa/leba/Board.nsf/goto?open&id=
Leechburg Area SD,ARMSTRONG,https://go.boarddocs.com/pa/leec/Board.nsf/Public?open&id=policies,https://go.boarddocs.com/pa/leec/Board.nsf/public,https://go.boarddocs.com/pa/leec/Board.nsf/goto?open&id=
Penn-Trafford SD,WESTMORELAND,https://go.boarddocs.com/pa/ptra/Board.nsf/vpublic?open,https://go.boarddocs.com/pa/ptra/Board.nsf/public,https://go.boarddocs.com/pa/ptra/Board.nsf/goto?open&id=
Norristown Area SD,MONTGOMERY,https://go.boarddocs.com/pa/nasdpa/Board.nsf/Public,https://go.boarddocs.com/pa/nasdpa/Board.nsf/public,https://go.boarddocs.com/pa/nasdpa/Board.nsf/goto?open&id=
Muhlenberg SD,BERKS,https://go.boarddocs.com/pa/muhl/Board.nsf/Public,https://go.boarddocs.com/pa/muhl/Board.nsf/public,https://go.boarddocs.com/pa/muhl/Board.nsf/goto?open&id=
North Allegheny SD,ALLEGHENY,https://go.boarddocs.com/pa/nasd/Board.nsf/Public?open&id=policies,https://go.boarddocs.com/pa/nasd/Board.nsf/public,https://go.boarddocs.com/pa/nasd/Board.nsf/goto?open&id=
Highlands SD,ALLEGHENY,https://go.boarddocs.com/pa/high/Board.nsf/vpublic?open,https://go.boarddocs.com/pa/high/Board.nsf/public,https://go.boarddocs.com/pa/high/Board.nsf/goto?open&id=
Hollidaysburg Area SD,BLAIR,https://go.boarddocs.com/pa/hasd/Board.nsf/goto?open&id=9YRB582AA88B,https://go.boarddocs.com/pa/hasd/Board.nsf/public,https://go.boarddocs.com/pa/hasd/Board.nsf/goto?open&id=
Homer-Center SD,INDIANA,https://go.boarddocs.com/pa/home/Board.nsf/goto?open&id=B7MS5Q6FB5BD,https://go.boarddocs.com/pa/home/Board.nsf/public,https://go.boarddocs.com/pa/home/Board.nsf/goto?open&id=
Hopewell Area SD,BEAVER,https://go.boarddocs.com/pa/hope/Board.nsf/Public?open&id=policies,https://go.boarddocs.com/pa/hope/Board.nsf/public,https://go.boarddocs.com/pa/hope/Board.nsf/goto?open&id=
Huntingdon Area SD,HUNTINGDON,https://go.boarddocs.com/pa/hunt/Board.nsf/Public,https://go.boarddocs.com/pa/hunt/Board.nsf/public,https://go.boarddocs.com/pa/hunt/Board.nsf/goto?open&id=
Indiana Area SD,INDIANA,https://go.boarddocs.com/pa/indi/Board.nsf/Public,https://go.boarddocs.com/pa/indi/Board.nsf/public,https://go.boarddocs.com/pa/indi/Board.nsf/goto?open&id=
Interboro SD,DELAWARE,https://go.boarddocs.com/pa/interboro/Board.nsf/Public?open&id=policies,https://go.boarddocs.com/pa/interboro/Board.nsf/public,https://go.boarddocs.com/pa/interboro/Board.nsf/goto?open&id=
Iroquois SD,ERIE,https://go.boarddocs.com/pa/iroq/Board.nsf/Public?open&id=policies,https://go.boarddocs.com/pa/iroq/Board.nsf/public,https://go.boarddocs.com/pa/iroq/Board.nsf/goto?open&id=
Jamestown Area SD,MERCER,https://go.boarddocs.com/pa/jame/Board.nsf/goto?open&id=AS4NFW5F4CBE,https://go.boarddocs.com/pa/jame/Board.nsf/public,https://go.boarddocs.com/pa/jame/Board.nsf/goto?open&id=
Blue Ridge SD,SUSQUEHANNA,https://go.boarddocs.com/pa/blur/Board.nsf/Public?open&id=policies,https://go.boarddocs.com/pa/blur/Board.nsf/public,https://go.boarddocs.com/pa/blur/Board.nsf/goto?open&id=
Penn Cambria SD,CAMBRIA,https://go.boarddocs.com/pa/pcam/Board.nsf/Public,https://go.boarddocs.com/pa/pcam/Board.nsf/public,https://go.boarddocs.com/pa/pcam/Board.nsf/goto?open&id=
Penncrest SD,CRAWFORD,https://go.boarddocs.com/pa/pncr/Board.nsf/Public?open&id=policies,https://go.boarddocs.com/pa/pncr/Board.nsf/public,https://go.boarddocs.com/pa/pncr/Board.nsf/goto?open&id=
Jeannette City SD,WESTMORELAND,https://go.boarddocs.com/pa/jean/Board.nsf/Public,https://go.boarddocs.com/pa/jean/Board.nsf/public,https://go.boarddocs.com/pa/jean/Board.nsf/goto?open&id=
Otto-Eldred SD,MCKEAN,https://go.boarddocs.com/pa/otto/Board.nsf/Public,https://go.boarddocs.com/pa/otto/Board.nsf/public,https://go.boarddocs.com/pa/otto/Board.nsf/goto?open&id=
Owen J Roberts SD,CHESTER,https://go.boarddocs.com/pa/ojrsd/Board.nsf/vpublic?open,https://go.boarddocs.com/pa/ojrsd/Board.nsf/public,https://go.boarddocs.com/pa/ojrsd/Board.nsf/goto?open&id=
Palisades SD,BUCKS,https://go.boarddocs.com/pa/pali/Board.nsf/Public?open&id=policies,https://go.boarddocs.com/pa/pali/Board.nsf/public,https://go.boarddocs.com/pa/pali/Board.nsf/goto?open&id=
Pennridge SD,BUCKS,https://go.boarddocs.com/pa/pnrg/Board.nsf/Public,https://go.boarddocs.com/pa/pnrg/Board.nsf/public,https://go.boarddocs.com/pa/pnrg/Board.nsf/goto?open&id=
Penns Manor Area SD,INDIANA,https://go.boarddocs.com/pa/pmnr/Board.nsf/Public#,https://go.boarddocs.com/pa/pmnr/Board.nsf/public,https://go.boarddocs.com/pa/pmnr/Board.nsf/goto?open&id=
Towanda Area SD,BRADFORD,https://go.boarddocs.com/pa/towa/Board.nsf/Public,https://go.boarddocs.com/pa/towa/Board.nsf/public,https://go.boarddocs.com/pa/towa/Board.nsf/goto?open&id=
Mount Pleasant Area SD,WESTMORELAND,https://go.boarddocs.com/pa/mopl/Board.nsf/goto?open&id=BS5HLB48D4CD,https://go.boarddocs.com/pa/mopl/Board.nsf/public,https://go.boarddocs.com/pa/mopl/Board.nsf/goto?open&id=
East Lycoming SD,LYCOMING,https://go.boarddocs.com/pa/elyc/Board.nsf/vpublic?open,https://go.boarddocs.com/pa/elyc/Board.nsf/public,https://go.boarddocs.com/pa/elyc/Board.nsf/goto?open&id=
Muncy SD,LYCOMING,https://go.boarddocs.com/pa/munc/Board.nsf/goto?open&id=BT9H9C463BBF,https://go.boarddocs.com/pa/munc/Board.nsf/public,https://go.boarddocs.com/pa/munc/Board.nsf/goto?open&id=
Wallenpaupack Area SD,WAYNE,https://go.boarddocs.com/pa/wallenpaupack/Board.nsf/Public,https://go.boarddocs.com/pa/wallenpaupack/Board.nsf/public,https://go.boarddocs.com/pa/wallenpaupack/Board.nsf/goto?open&id=
Wallingford-Swarthmore SD,DELAWARE,https://go.boarddocs.com/pa/wlsw/Board.nsf/goto?open&id=9UZN7T5E9A83,https://go.boarddocs.com/pa/wlsw/Board.nsf/public,https://go.boarddocs.com/pa/wlsw/Board.nsf/goto?open&id=
Nazareth Area SD,NORTHAMPTON,https://go.boarddocs.com/pa/naza/Board.nsf/Public,https://go.boarddocs.com/pa/naza/Board.nsf/public,https://go.boarddocs.com/pa/naza/Board.nsf/goto?open&id=
Neshaminy SD,BUCKS,https://go.boarddocs.com/pa/nesh/Board.nsf/Public,https://go.boarddocs.com/pa/nesh/Board.nsf/public,https://go.boarddocs.com/pa/nesh/Board.nsf/goto?open&id=
Northern Bedford County SD,BEDFORD,https://www.boarddocs.com/pa/nbed/Board.nsf/,https://www.boarddocs.com/pa/nbed/Board.nsf/public,https://www.boarddocs.com/pa/nbed/Board.nsf/goto?open&id=
Bradford Area SD,McKEAN,https://go.boarddocs.com/pa/brad/Board.nsf/Public,https://go.boarddocs.com/pa/brad/Board.nsf/public,https://go.boarddocs.com/pa/brad/Board.nsf/goto?open&id=
Lower Moreland Township SD,MONTGOMERY,https://go.boarddocs.com/pa/lmor/Board.nsf/Public,https://go.boarddocs.com/pa/lmor/Board.nsf/public,https://go.boarddocs.com/pa/lmor/Board.nsf/goto?open&id=
Johnsonburg Area SD,ELK,https://go.boarddocs.com/pa/john/board.nsf/public?open&id=policies,https://go.boarddocs.com/pa/john/board.nsf/public,https://go.boarddocs.com/pa/john/board.nsf/goto?open&id=
Juniata County SD,JUNIATA,https://go.boarddocs.com/pa/junc/Board.nsf/Public,https://go.boarddocs.com/pa/junc/Board.nsf/public,https://go.boarddocs.com/pa/junc/Board.nsf/goto?open&id=
Loyalsock Township SD,LYCOMING,https://go.boarddocs.com/pa/loya/Board.nsf/goto?open&id=A2U2BR016CD2,https://go.boarddocs.com/pa/loya/Board.nsf/public,https://go.boarddocs.com/pa/loya/Board.nsf/goto?open&id=
Juniata Valley SD,HUNTINGDON,https://go.boarddocs.com/pa/junv/Board.nsf/vpublic?open,https://go.boarddocs.com/pa/junv/Board.nsf/public,https://go.boarddocs.com/pa/junv/Board.nsf/goto?open&id=
Laurel SD,LAWRENCE,https://go.boarddocs.com/pa/laur/board.nsf/Public#,https://go.boarddocs.com/pa/laur/board.nsf/public,https://go.boarddocs.com/pa/laur/board.nsf/goto?open&id=
Laurel Highlands SD,FAYETTE,https://go.boarddocs.com/pa/lahi/Board.nsf/Public?open&id=policies,https://go.boarddocs.com/pa/lahi/Board.nsf/public,https://go.boarddocs.com/pa/lahi/Board.nsf/goto?open&id=
Mahanoy Area SD,SCHUYLKILL,https://go.boarddocs.com/pa/maha/Board.nsf/Public,https://go.boarddocs.com/pa/maha/Board.nsf/public,https://go.boarddocs.com/pa/maha/Board.nsf/goto?open&id=
Manheim Central SD,LANCASTER,https://go.boarddocs.com/pa/manc/Board.nsf/Public?open&id=policies,https://go.boarddocs.com/pa/manc/Board.nsf/public,https://go.boarddocs.com/pa/manc/Board.nsf/goto?open&id=
Manheim Township SD,LANCASTER,https://go.boarddocs.com/pa/mant/Board.nsf/Public?open&id=policies,https://go.boarddocs.com/pa/mant/Board.nsf/public,https://go.boarddocs.com/pa/mant/Board.nsf/goto?open&id=
Marion Center Area SD,INDIANA,https://go.boarddocs.com/pa/mari/Board.nsf/Public,https://go.boarddocs.com/pa/mari/Board.nsf/public,https://go.boarddocs.com/pa/mari/Board.nsf/goto?open&id=
Camp Hill SD,CUMBERLAND,https://go.boarddocs.com/pa/camp/Board.nsf/Public,https://go.boarddocs.com/pa/camp/Board.nsf/public,https://go.boarddocs.com/pa/camp/Board.nsf/goto?open&id=
Lakeland SD,LACKAWANNA,https://go.boarddocs.com/pa/lakl/Board.nsf/vpublic?open,https://go.boarddocs.com/pa/lakl/Board.nsf/public,https://go.boarddocs.com/pa/lakl/Board.nsf/goto?open&id=
Mohawk Area SD,LAWRENCE,https://go.boarddocs.com/pa/moha/Board.nsf/Public,https://go.boarddocs.com/pa/moha/Board.nsf/public,https://go.boarddocs.com/pa/moha/Board.nsf/goto?open&id=
Lakeview SD,MERCER,https://go.boarddocs.com/pa/lakv/Board.nsf/Public,https://go.boarddocs.com/pa/lakv/Board.nsf/public,https://go.boarddocs.com/pa/lakv/Board.nsf/goto?open&id=
Canon-McMillan SD,WASHINGTON,https://go.boarddocs.com/pa/cnmc/Board.nsf/Public?open&id=policies,https://go.boarddocs.com/pa/cnmc/Board.nsf/public,https://go.boarddocs.com/pa/cnmc/Board.nsf/goto?open&id=
Armstrong SD,ARMSTRONG,https://go.boarddocs.com/pa/asdpa/Board.nsf/Public,https://go.boarddocs.com/pa/asdpa/Board.nsf/public,https://go.boarddocs.com/pa/asdpa/Board.nsf/goto?open&id=
Brookville Area SD,JEFFERSON,https://go.boarddocs.com/pa/basd/board.nsf/public,https://go.boarddocs.com/pa/basd/board.nsf/public,https://go.boarddocs.com/pa/basd/board.nsf/goto?open&id=
Brownsville Area SD,FAYETTE,https://go.boarddocs.com/pa/brow/Board.nsf/Public,https://go.boarddocs.com/pa/brow/Board.nsf/public,https://go.boarddocs.com/pa/brow/Board.nsf/goto?open&id=
Hatboro-Horsham SD,MONTGOMERY,https://go.boarddocs.com/pa/hhsd/Board.nsf/Public?open&id=policies,https://go.boarddocs.com/pa/hhsd/Board.nsf/public,https://go.boarddocs.com/pa/hhsd/Board.nsf/goto?open&id=
Conemaugh Valley SD,CAMBRIA,https://go.boarddocs.com/pa/cnmau/Board.nsf/Public,https://go.boarddocs.com/pa/cnmau/Board.nsf/public,https://go.boarddocs.com/pa/cnmau/Board.nsf/goto?open&id=
Haverford Township SD,DELAWARE,https://go.boarddocs.com/pa/have/Board.nsf/goto?open&id=9U2PZC670805,https://go.boarddocs.com/pa/have/Board.nsf/public,https://go.boarddocs.com/pa/have/Board.nsf/goto?open&id=
Hazleton Area SD,LUZERNE,https://go.boarddocs.com/pa/hazl/Board.nsf/Public,https://go.boarddocs.com/pa/hazl/Board.nsf/public,https://go.boarddocs.com/pa/hazl/Board.nsf/goto?open&id=
Hempfield SD,LANCASTER,https://go.boarddocs.com/pa/hemp/Board.nsf/Public,https://go.boarddocs.com/pa/hemp/Board.nsf/public,https://go.boarddocs.com/pa/hemp/Board.nsf/goto?open&id=
Hempfield Area SD,WESTMORELAND,https://go.boarddocs.com/pa/hmpa/Board.nsf/Public?open&id=policies,https://go.boarddocs.com/pa/hmpa/Board.nsf/public,https://go.boarddocs.com/pa/hmpa/Board.nsf/goto?open&id=
Hermitage SD,MERCER,https://go.boarddocs.com/pa/herm/Board.nsf/vpublic?open,https://go.boarddocs.com/pa/herm/Board.nsf/public,https://go.boarddocs.com/pa/herm/Board.nsf/goto?open&id=
East Pennsboro Area SD,CUMBERLAND,https://go.boarddocs.com/pa/epns/Board.nsf/Public,https://go.boarddocs.com/pa/epns/Board.nsf/public,https://go.boarddocs.com/pa/epns/Board.nsf/goto?open&id=
East Stroudsburg Area SD,MONROE,https://go.boarddocs.com/pa/sasdpa/Board.nsf/goto?open&id=AK7KPT52A940,https://go.boarddocs.com/pa/sasdpa/Board.nsf/public,https://go.boarddocs.com/pa/sasdpa/Board.nsf/goto?open&id=
Eastern Lancaster County SD,LANCASTER,https://go.boarddocs.com/pa/elan/Board.nsf/Public,https://go.boarddocs.com/pa/elan/Board.nsf/public,https://go.boarddocs.com/pa/elan/Board.nsf/goto?open&id=
Eastern Lebanon County SD,LEBANON,https://go.boarddocs.com/pa/elco/BOARD.nsf/Public?open&id=policies,https://go.boarddocs.com/pa/elco/BOARD.nsf/public,https://go.boarddocs.com/pa/elco/BOARD.nsf/goto?open&id=
Eastern York SD,YORK,https://go.boarddocs.com/pa/eyrk/board.nsf/public,https://go.boarddocs.com/pa/eyrk/board.nsf/public,https://go.boarddocs.com/pa/eyrk/board.nsf/goto?open&id=
Easton Area SD,NORTHAMPTON,https://go.boarddocs.com/pa/easdpa/Board.nsf/Public?open&id=policies,https://go.boarddocs.com/pa/easdpa/Board.nsf/public,https://go.boarddocs.com/pa/easdpa/Board.nsf/goto?open&id=
Jersey Shore Area SD,LYCOMING,https://go.boarddocs.com/pa/jsasd/Board.nsf/Public,https://go.boarddocs.com/pa/jsasd/Board.nsf/public,https://go.boarddocs.com/pa/jsasd/Board.nsf/goto?open&id=
Cornell SD,ALLEGHENY,https://www.boarddocs.com/pa/cornell/Board.nsf,https://www.boarddocs.com/pa/cornell/Board.nsf/public,https://www.boarddocs.com/pa/cornell/Board.nsf/goto?open&id=
Cornwall-Lebanon SD,LEBANON,https://go.boarddocs.com/pa/crnw/Board.nsf/Public#,https://go.boarddocs.com/pa/crnw/Board.nsf/public,https://go.boarddocs.com/pa/crnw/Board.nsf/goto?open&id=
Corry Area SD,ERIE,https://go.boarddocs.com/pa/corr/Board.nsf/goto?open&id=AX9QN968B853,https://go.boarddocs.com/pa/corr/Board.nsf/public,https://go.boarddocs.com/pa/corr/Board.nsf/goto?open&id=
Coudersport Area SD,POTTER,https://go.boarddocs.com/pa/coud/Board.nsf/Public,https://go.boarddocs.com/pa/coud/Board.nsf/public,https://go.boarddocs.com/pa/coud/Board.nsf/goto?open&id=
Cranberry Area SD,VENANGO,https://go.boarddocs.com/pa/cran/Board.nsf/vpublic?open,https://go.boarddocs.com/pa/cran/Board.nsf/public,https://go.boarddocs.com/pa/cran/Board.nsf/goto?open&id=
Crawford Central SD,CRAWFORD,https://go.boarddocs.com/pa/craw/Board.nsf/Public,https://go.boarddocs.com/pa/craw/Board.nsf/public,https://go.boarddocs.com/pa/craw/Board.nsf/goto?open&id=
Cheltenham Township SD,MONTGOMERY,https://go.boarddocs.com/pa/ctsd/Board.nsf/Public?open&id=policies,https://go.boarddocs.com/pa/ctsd/Board.nsf/public,https://go.boarddocs.com/pa/ctsd/Board.nsf/goto?open&id=
Daniel Boone Area SD,BERKS,https://go.boarddocs.com/pa/danb/Board.nsf/goto?open&id=AUAK2E4FBEEE,https://go.boarddocs.com/pa/danb/Board.nsf/public,https://go.boarddocs.com/pa/danb/Board.nsf/goto?open&id=
Crestwood SD,LUZERNE,https://go.boarddocs.com/pa/cres/Board.nsf/Public?open&id=policies,https://go.boarddocs.com/pa/cres/Board.nsf/public,https://go.boarddocs.com/pa/cres/Board.nsf/goto?open&id=
Kane Area SD,McKEAN,https://go.boarddocs.com/pa/kanepa/Board.nsf/Public?open&id=welcome,https://go.boarddocs.com/pa/kanepa/Board.nsf/public,https://go.boarddocs.com/pa/kanepa/Board.nsf/goto?open&id=
Karns City Area SD,BUTLER,https://go.boarddocs.com/pa/karn/Board.nsf/Public,https://go.boarddocs.com/pa/karn/Board.nsf/public,https://go.boarddocs.com/pa/karn/Board.nsf/goto?open&id=
Butler Area SD,BUTLER,https://go.boarddocs.com/pa/butl/Board.nsf/Public,https://go.boarddocs.com/pa/butl/Board.nsf/public,https://go.boarddocs.com/pa/butl/Board.nsf/goto?open&id=
Lampeter-Strasburg SD,LANCASTER,https://go.boarddocs.com/pa/lamp/Board.nsf/goto?open&id=A7DUX66AE8EC,https://go.boarddocs.com/pa/lamp/Board.nsf/public,https://go.boarddocs.com/pa/lamp/Board.nsf/goto?open&id=
Lancaster SD,LANCASTER,https://go.boarddocs.com/pa/lanc/Board.nsf/goto?open&id=9V5JPP4E2E23,https://go.boarddocs.com/pa/lanc/Board.nsf/public,https://go.boarddocs.com/pa/lanc/Board.nsf/goto?open&id=
Brandywine Heights Area SD,BERKS,https://go.boarddocs.com/pa/bran/Board.nsf/vpublic?open,https://go.boarddocs.com/pa/bran/Board.nsf/public,https://go.boarddocs.com/pa/bran/Board.nsf/goto?open&id=
General McLane SD,ERIE,https://go.boarddocs.com/pa/genl/Board.nsf/Public?open&id=policies,https://go.boarddocs.com/pa/genl/Board.nsf/public,https://go.boarddocs.com/pa/genl/Board.nsf/goto?open&id=
Gettysburg Area SD,ADAMS,https://go.boarddocs.com/pa/gett/Board.nsf/Public,https://go.boarddocs.com/pa/gett/Board.nsf/public,https://go.boarddocs.com/pa/gett/Board.nsf/goto?open&id=
Girard SD,ERIE,https://go.boarddocs.com/pa/gira/Board.nsf/goto?open&id=B5GHHJ4895FE,https://go.boarddocs.com/pa/gira/Board.nsf/public,https://go.boarddocs.com/pa/gira/Board.nsf/goto?open&id=
Harmony Area SD,CLEARFIELD,https://go.boarddocs.com/pa/harm/Board.nsf/Public,https://go.boarddocs.com/pa/harm/Board.nsf/public,https://go.boarddocs.com/pa/harm/Board.nsf/goto?open&id=
Fort LeBoeuf SD,ERIE,https://go.boarddocs.com/pa/fleb/Board.nsf/Public,https://go.boarddocs.com/pa/fleb/Board.nsf/public,https://go.boarddocs.com/pa/fleb/Board.nsf/goto?open&id=
Central Dauphin SD,DAUPHIN,https://go.boarddocs.com/pa/cdsd/Board.nsf/Public?open&id=policies,https://go.boarddocs.com/pa/cdsd/Board.nsf/public,https://go.boarddocs.com/pa/cdsd/Board.nsf/goto?open&id=
Harrisburg City SD,DAUPHIN,https://go.boarddocs.com/pa/harr/Board.nsf/goto?open&id=C2BNR8606871,https://go.boarddocs.com/pa/harr/Board.nsf/public,https://go.boarddocs.com/pa/harr/Board.nsf/goto?open&id=
Chambersburg Area SD,FRANKLIN,https://go.boarddocs.com/pa/casdpa/Board.nsf/Public?open&id=policies,https://go.boarddocs.com/pa/casdpa/Board.nsf/public,https://go.boarddocs.com/pa/casdpa/Board.nsf/goto?open&id=
Fox Chapel Area SD,ALLEGHENY,https://go.boarddocs.com/pa/foxc/Board.nsf/Private,https://go.boarddocs.com/pa/foxc/Board.nsf/public,https://go.boarddocs.com/pa/foxc/Board.nsf/goto?open&id=
Franklin Regional SD,WESTMORELAND,https://go.boarddocs.com/pa/frrg/Board.nsf/Public,https://go.boarddocs.com/pa/frrg/Board.nsf/public,https://go.boarddocs.com/pa/frrg/Board.nsf/goto?open&id=
Frazier SD,FAYETTE,https://go.boarddocs.com/pa/fraz/Board.nsf/Public,https://go.boarddocs.com/pa/fraz/Board.nsf/public,https://go.boarddocs.com/pa/fraz/Board.nsf/goto?open&id=
Ferndale Area SD,CAMBRIA,https://go.boarddocs.com/pa/fern/Board.nsf/Public?open&id=policies,https://go.boarddocs.com/pa/fern/Board.nsf/public,https://go.boarddocs.com/pa/fern/Board.nsf/goto?open&id=
Fleetwood Area SD,BERKS,https://go.boarddocs.com/pa/flee/Board.nsf/Public,https://go.boarddocs.com/pa/flee/Board.nsf/public,https://go.boarddocs.com/pa/flee/Board.nsf/goto?open&id=
Forest Area SD,FOREST,https://go.boarddocs.com/pa/fora/Board.nsf/Public#tab-policies,https://go.boarddocs.com/pa/fora/Board.nsf/public,https://go.boarddocs.com/pa/fora/Board.nsf/goto?open&id=
Forest City Regional SD,SUSQUEHANNA,https://go.boarddocs.com/pa/forc/Board.nsf/Public,https://go.boarddocs.com/pa/forc/Board.nsf/public,https://go.boarddocs.com/pa/forc/Board.nsf/goto?open&id=
Antietam SD,BERKS,https://go.boarddocs.com/pa/anti/Board.nsf/Public,https://go.boarddocs.com/pa/anti/Board.nsf/public,https://go.boarddocs.com/pa/anti/Board.nsf/goto?open&id=
Apollo-Ridge SD,ARMSTRONG,https://go.boarddocs.com/pa/apol/Board.nsf/Public,https://go.boarddocs.com/pa/apol/Board.nsf/public,https://go.boarddocs.com/pa/apol/Board.nsf/goto?open&id=
Cameron County SD,CAMERON,https://go.boarddocs.com/pa/came/Board.nsf/Public,https://go.boarddocs.com/pa/came/Board.nsf/public,https://go.boarddocs.com/pa/came/Board.nsf/goto?open&id=
Burgettstown Area SD,WASHINGTON,https://go.boarddocs.com/pa/burg/Board.nsf/Public?open&id=policies,https://go.boarddocs.com/pa/burg/Board.nsf/public,https://go.boarddocs.com/pa/burg/Board.nsf/goto?open&id=
Burrell SD,WESTMORELAND,https://go.boarddocs.com/pa/burr/Board.nsf/Public,https://go.boarddocs.com/pa/burr/Board.nsf/public,https://go.boarddocs.com/pa/burr/Board.nsf/goto?open&id=
Athens Area SD,BRADFORD,https://go.boarddocs.com/pa/athn/Board.nsf/vpublic?open,https://go.boarddocs.com/pa/athn/Board.nsf/public,https://go.boarddocs.com/pa/athn/Board.nsf/goto?open&id=
California Area SD,WASHINGTON,https://go.boarddocs.com/pa/cali/Board.nsf/vpublic?open,https://go.boarddocs.com/pa/cali/Board.nsf/public,https://go.boarddocs.com/pa/cali/Board.nsf/goto?open&id=
Cambria Heights SD,CAMBRIA,https://go.boarddocs.com/pa/camb/Board.nsf/Public,https://go.boarddocs.com/pa/camb/Board.nsf/public,https://go.boarddocs.com/pa/camb/Board.nsf/goto?open&id=
Bellefonte Area SD,CENTRE,https://go.boarddocs.com/pa/bellasd/Board.nsf/Public?open&id=policies,https://go.boarddocs.com/pa/bellasd/Board.nsf/public,https://go.boarddocs.com/pa/bellasd/Board.nsf/goto?open&id=
Beaver Area SD,BEAVER,https://go.boarddocs.com/pa/beav/Board.nsf/Public,https://go.boarddocs.com/pa/beav/Board.nsf/public,https://go.boarddocs.com/pa/beav/Board.nsf/goto?open&id=
Bedford Area SD,BEDFORD,https://go.boarddocs.com/pa/bedf/Board.nsf/Public,https://go.boarddocs.com/pa/bedf/Board.nsf/public,https://go.boarddocs.com/pa/bedf/Board.nsf/goto?open&id=
Belle Vernon Area SD,WESTMORELAND,https://go.boarddocs.com/pa/belv/Board.nsf/Public,https://go.boarddocs.com/pa/belv/Board.nsf/public,https://go.boarddocs.com/pa/belv/Board.nsf/goto?open&id=
Bellwood-Antis SD,BLAIR,https://go.boarddocs.com/pa/blwd/Board.nsf/Public?open&id=policies,https://go.boarddocs.com/pa/blwd/Board.nsf/public,https://go.boarddocs.com/pa/blwd/Board.nsf/goto?open&id=
Bensalem Township SD,BUCKS,https://go.boarddocs.com/pa/bens/Board.nsf/goto?open&id=9ZRQHG6963C0,https://go.boarddocs.com/pa/bens/Board.nsf/public,https://go.boarddocs.com/pa/bens/Board.nsf/goto?open&id=
Allegheny-Clarion Valley SD,CLARION,https://go.boarddocs.com/pa/alcl/Board.nsf/Public,https://go.boarddocs.com/pa/alcl/Board.nsf/public,https://go.boarddocs.com/pa/alcl/Board.nsf/goto?open&id=
Allegheny Valley SD,ALLEGHENY,https://go.boarddocs.com/pa/alvl/Board.nsf/Public,https://go.boarddocs.com/pa/alvl/Board.nsf/public,https://go.boarddocs.com/pa/alvl/Board.nsf/goto?open&id=
Abington Heights SD,LACKAWANNA,https://go.boarddocs.com/pa/abhg/Board.nsf/,https://go.boarddocs.com/pa/abhg/Board.nsf/public,https://go.boarddocs.com/pa/abhg/Board.nsf/goto?open&id=
Albert Gallatin Area SD,FAYETTE,https://go.boarddocs.com/pa/albg/Board.nsf/Public?open&id=policies,https://go.boarddocs.com/pa/albg/Board.nsf/public,https://go.boarddocs.com/pa/albg/Board.nsf/goto?open&id=
Aliquippa SD,BEAVER,https://go.boarddocs.com/pa/asd/Board.nsf/Public,https://go.boarddocs.com/pa/asd/Board.nsf/public,https://go.boarddocs.com/pa/asd/Board.nsf/goto?open&id=
Allentown City SD,LEHIGH,https://go.boarddocs.com/pa/alen/Board.nsf/Public,https://go.boarddocs.com/pa/alen/Board.nsf/public,https://go.boarddocs.com/pa/alen/Board.nsf/goto?open&id=
Altoona Area SD,BLAIR,https://go.boarddocs.com/pa/alto/Board.nsf/Public,https://go.boarddocs.com/pa/alto/Board.nsf/public,https://go.boarddocs.com/pa/alto/Board.nsf/goto?open&id=
Ambridge Area SD,BEAVER,https://go.boarddocs.com/pa/ambg/Board.nsf/vpublic?open,https://go.boarddocs.com/pa/ambg/Board.nsf/public,https://go.boarddocs.com/pa/ambg/Board.nsf/goto?open&id=
Annville-Cleona SD,LEBANON,https://go.boarddocs.com/pa/annc/Board.nsf/vpublic?open#tab-policies,https://go.boarddocs.com/pa/annc/Board.nsf/public,https://go.boarddocs.com/pa/annc/Board.nsf/goto?open&id=
Berwick Area SD,COLUMBIA,https://go.boarddocs.com/pa/berw/Board.nsf/goto?open&id=AAXSBK71E5E7,https://go.boarddocs.com/pa/berw/Board.nsf/public,https://go.boarddocs.com/pa/berw/Board.nsf/goto?open&id=
Bethlehem Area SD,NORTHAMPTON,https://go.boarddocs.com/pa/beth/Board.nsf/Public,https://go.boarddocs.com/pa/beth/Board.nsf/public,https://go.boarddocs.com/pa/beth/Board.nsf/goto?open&id=
Big Beaver Falls Area SD,BEAVER,https://go.boarddocs.com/pa/bgbf/Board.nsf/,https://go.boarddocs.com/pa/bgbf/Board.nsf/public,https://go.boarddocs.com/pa/bgbf/Board.nsf/goto?open&id=
Big Spring SD,CUMBERLAND,https://go.boarddocs.com/pa/bgsp/Board.nsf/vpublic?open,https://go.boarddocs.com/pa/bgsp/Board.nsf/public,https://go.boarddocs.com/pa/bgsp/Board.nsf/goto?open&id=
Blacklick Valley SD,CAMBRIA,https://go.boarddocs.com/pa/blkv/Board.nsf/vpublic?open,https://go.boarddocs.com/pa/blkv/Board.nsf/public,https://go.boarddocs.com/pa/blkv/Board.nsf/goto?open&id=
Blairsville-Saltsburg SD,INDIANA,https://go.boarddocs.com/pa/bssd/Board.nsf/Public,https://go.boarddocs.com/pa/bssd/Board.nsf/public,https://go.boarddocs.com/pa/bssd/Board.nsf/goto?open&id=
Bloomsburg Area SD,COLUMBIA,https://go.boarddocs.com/pa/bloo/Board.nsf/,https://go.boarddocs.com/pa/bloo/Board.nsf/public,https://go.boarddocs.com/pa/bloo/Board.nsf/goto?open&id=
Blue Mountain SD,SCHUYLKILL,https://go.boarddocs.com/pa/blum/Board.nsf/Public,https://go.boarddocs.com/pa/blum/Board.nsf/public,https://go.boarddocs.com/pa/blum/Board.nsf/goto?open&id=
Boyertown Area SD,BERKS,https://go.boarddocs.com/pa/boyr/Board.nsf/Public,https://go.boarddocs.com/pa/boyr/Board.nsf/public,https://go.boarddocs.com/pa/boyr/Board.nsf/goto?open&id=
Claysburg-Kimmel SD,BLAIR,https://go.boarddocs.com/pa/clay/Board.nsf/Public,https://go.boarddocs.com/pa/clay/Board.nsf/public,https://go.boarddocs.com/pa/clay/Board.nsf/goto?open&id=
Northern Potter SD,POTTER,https://go.boarddocs.com/pa/npot/Board.nsf/Public,https://go.boarddocs.com/pa/npot/Board.nsf/public,https://go.boarddocs.com/pa/npot/Board.nsf/goto?open&id=
